,Unnamed: 0,Unnamed: 0.1,Movie,Distributor,WW_gross,Domestic_gross,Domestic_percentage,Intr_gross,Intr_percentage,Movie_link,movie,Argentina,Australia,Austria,Bahrain,Belgium,Bolivia,Brazil,Bulgaria,Cambodia,Chile,China,Colombia,Croatia,Czech Republic,Denmark,Dist,Ecuador,Egypt,Estonia,Ethiopia,Finland,France,Genre,Germany,Ghana,Greece,Hong Kong,Hungary,Iceland,India,Israel,Italy,Japan,Jordan,Kenya,Latvia,Lebanon,Lithuania,Malaysia,Mexico,MpaaRating,Netherlands,New Zealand,Nigeria,Norway,Oman,Panama,Peru,Philippines,Poland,Portugal,ProdBudget,Qatar,Romania,Runtime,Russia - CIS,Serbia & Montenegro,Singapore,Slovakia,Slovenia,South Africa,South Korea,Spain,Sweden,Switzerland,Switzerland (French-speaking),Switzerland (German-speaking),Taiwan,Thailand,Turkey,Ukraine,United Arab Emirates,United Kingdom,Uruguay,UsDist,UsRelease,Venezuela,Vietnam,dummy,updatedGenre
0,0,0,Captain America: Civil War,BV,1151000000.0,406600000.0,35.3,744400000.0,64.7,/movies/?id=marvel2016.htm,marvel2016,9005829.0,25199942.0,2841356.0,,2484111.0,,40521418.0,516255.0,,,190429000.0,,,1459184.0,3078912.0,Disney,,,,,1427013.0,23204975.0,Action / Adventure,21754449.0,,,15472829.0,,337237.0,12094000.0,,12942297.0,24366759.0,,,,,136836.0,10685000.0,41420350.0,PG-13,4388326.0,3480235.0,,2518528.0,,,,14195000.0,2691473.0,1528426.0,250000000.0,,1162072.0,147.0,16556332.0,,8396857.0,486912.0,104910.0,2132347.0,62859896.0,11345535.0,3600887.0,3020845.0,752167.0,1793551.0,16397475.0,11956000.0,5051436.0,1429130.0,5954891.0,53776688.0,,Buena Vista,2016-05-06,1947286.0,,,Adventure
1,1,1,Zootopia,BV,1021700000.0,341100000.0,33.4,680600000.0,66.6,/movies/?id=disney2016.htm,disney2016,8745000.0,21364382.0,3735647.0,,4467463.0,909666.0,10657941.0,1010741.0,,4266919.0,235591000.0,5330391.0,283126.0,1415576.0,4008471.0,Disney,2494960.0,,393779.0,,1656196.0,31845430.0,Animation,33968995.0,,944722.0,7043370.0,1456306.0,313044.0,1699000.0,1653780.0,12705219.0,70127286.0,,,,167388.0,384768.0,3134000.0,17050000.0,PG,5798474.0,2662000.0,,2551192.0,94375.0,,4242507.0,1022000.0,5926835.0,2078512.0,,,1272421.0,108.0,32218703.0,143051.0,4370000.0,879904.0,188469.0,1494201.0,31258786.0,15148640.0,6886783.0,5061669.0,1655928.0,3303486.0,8850230.0,3523000.0,1379630.0,2116321.0,2057383.0,33903452.0,463743.0,Buena Vista,2016-03-04,1628000.0,,,Animation
2,2,2,The Jungle Book (2016),BV,936800000.0,360900000.0,38.5,575900000.0,61.5,/movies/?id=junglebook2015.htm,junglebook2015,9476772.0,22682590.0,2293515.0,,4629363.0,842959.0,10823625.0,767932.0,,1987035.0,150140000.0,2925475.0,45898.0,1262405.0,2835713.0,Disney,1349242.0,35456.0,42500.0,,1136934.0,27065352.0,1 hrs. 45 min.,19517990.0,,,3403921.0,509468.0,221304.0,38835000.0,412616.0,11927736.0,,,,,140199.0,102277.0,5685000.0,24351449.0,PG,10394798.0,3597815.0,,3529696.0,142477.0,,1461681.0,3536000.0,2503821.0,882767.0,175000000.0,,1766910.0,105.0,20348426.0,28626.0,3517370.0,347278.0,65174.0,2126980.0,18901624.0,19023100.0,7555641.0,3690796.0,1141721.0,2270210.0,2726000.0,5179000.0,1163056.0,1828028.0,9052232.0,66133514.0,188939.0,"April 15, 2016",,1515537.0,,,
3,3,3,Batman v Superman: Dawn of Justice,WB,872700000.0,330400000.0,37.9,542300000.0,62.1,/movies/?id=superman2015.htm,superman2015,7950785.0,22517365.0,2564737.0,,2685186.0,2138879.0,37566828.0,552918.0,170698.0,5181205.0,95769365.0,8149484.0,522416.0,1118646.0,2572539.0,WB,3781279.0,1501078.0,242623.0,,1324808.0,21319616.0,Action / Adventure,18918262.0,,2125858.0,8504499.0,1037694.0,283469.0,10736869.0,2612698.0,12098949.0,16531874.0,,,251315.0,843082.0,212708.0,7500064.0,36110611.0,PG-13,4181863.0,3269068.0,,3297349.0,475077.0,,4999649.0,11214492.0,2300823.0,2222072.0,250000000.0,,1556295.0,151.0,12683409.0,243971.0,5742914.0,499444.0,166343.0,2771587.0,16457193.0,11357442.0,3941571.0,,1029568.0,1754810.0,7238467.0,5388316.0,6543025.0,1279073.0,7028576.0,53128158.0,329922.0,Warner Bros.,2016-03-25,950317.0,2240920.0,,Adventure
4,4,4,Deadpool,Fox,782000000.0,363100000.0,46.4,419000000.0,53.6,/movies/?id=deadpool2016.htm,deadpool2016,4063355.0,33314499.0,3313917.0,641555.0,3808750.0,895288.0,20625097.0,640949.0,,4205061.0,,2888158.0,596958.0,2000459.0,4253416.0,Fox,1949590.0,147723.0,453545.0,17729.0,2985639.0,29058302.0,Action,24583395.0,,1450439.0,7967589.0,2129126.0,419007.0,2639117.0,2408246.0,8262758.0,18916494.0,,64096.0,107693.0,451784.0,388935.0,5292874.0,18653169.0,R,5424206.0,3621558.0,,4267159.0,362690.0,,2601217.0,6075224.0,3694972.0,2139522.0,58000000.0,709787.0,1628613.0,106.0,26002884.0,360912.0,4499140.0,771605.0,281197.0,2091880.0,23658636.0,11476701.0,5542328.0,,1216070.0,2724291.0,12471651.0,4282893.0,4985998.0,2087589.0,4089919.0,53538139.0,301763.0,Fox,2016-02-12,656126.0,1566065.0,,Action
5,5,5,Finding Dory,BV,721900000.0,445700000.0,61.7,276200000.0,38.3,/movies/?id=pixar2015.htm,pixar2015,12714950.0,34247757.0,,,2556600.0,,17133953.0,345169.0,,,38052302.0,7600000.0,,1682260.0,,Disney,,,,,,13603706.0,Animation,,,,,,281197.0,2695850.0,,,,,,,,,1867052.0,9569978.0,PG,5448690.0,4074710.0,,,,6800000.0,,4634257.0,2516805.0,1642983.0,,,524655.0,103.0,9080217.0,,3818079.0,1282485.0,120924.0,2768288.0,12620502.0,13213052.0,,742729.0,,,1889758.0,1421182.0,,763155.0,3393648.0,,,Buena Vista,2016-06-17,1999506.0,,,Animation
6,6,6,The Mermaid (Mei ren yu),Sony,553800000.0,3200000.0,0.6,550600000.0,99.4,/movies/?id=mermaid2016.htm,mermaid2016,,843885.0,,,,,,,,,526848189.0,,,,,Sony,,,,,,,Fantasy Drama,,,,7698235.0,,,,,,,,,,,,7025381.0,,R,,177911.0,,,,,,,,,,,,100.0,,,3110642.0,,,,,,,,,,,279960.0,,,,173553.0,,Sony / Columbia,2016-02-19,,4419787.0,,Drama
7,7,7,X-Men: Apocalypse,Fox,533900000.0,155000000.0,29.0,378900000.0,71.0,/movies/?id=x-men2016.htm,x-men2016,4055443.0,11392143.0,,,1690455.0,,20550478.0,313695.0,,1014806.0,120765095.0,1889547.0,,497023.0,,Fox,,,,,598082.0,16619329.0,Action / Adventure,9004793.0,,,6554697.0,,169795.0,5799126.0,,5810167.0,,,,,,123371.0,2871603.0,17807456.0,PG-13,2395785.0,1924905.0,,1054291.0,,,3278161.0,8914451.0,1082378.0,860452.0,178000000.0,,814356.0,143.0,11154528.0,,5865247.0,222598.0,54418.0,1039752.0,20642326.0,5328861.0,,,538012.0,939353.0,3771307.0,3153857.0,2467081.0,903314.0,3687678.0,24287465.0,,Fox,2016-05-27,,,,Adventure
8,8,8,Kung Fu Panda 3,Fox,519000000.0,143500000.0,27.7,375500000.0,72.3,/movies/?id=kungfupanda3.htm,kungfupanda3,4536174.0,9807545.0,1220923.0,435416.0,1732240.0,635833.0,6607390.0,476616.0,88488.0,2523491.0,154304371.0,3244709.0,351400.0,879348.0,3151584.0,Fox,1623556.0,,227230.0,10544.0,1346971.0,19366374.0,1 hrs. 35 min.,7029300.0,,873002.0,3531619.0,679576.0,156478.0,,1273945.0,9188861.0,,,,,292667.0,321712.0,3548516.0,15897655.0,PG,3027409.0,1463837.0,,2026269.0,288996.0,,3017302.0,,2756669.0,1258709.0,,514763.0,486818.0,95.0,13905351.0,162781.0,3759394.0,446033.0,359505.0,1292415.0,26388997.0,6805633.0,2224755.0,,979544.0,1697068.0,1654097.0,1257143.0,1475298.0,1140564.0,3452329.0,20321914.0,368339.0,"January 29, 2016",,712073.0,,,
9,9,9,Warcraft,Uni.,432200000.0,47000000.0,10.9,385200000.0,89.1,/movies/?id=warcraft.htm,warcraft,1602851.0,4787819.0,1635473.0,,1667914.0,357000.0,5877982.0,688101.0,,515702.0,220841090.0,1537000.0,241669.0,1731360.0,1927008.0,UPI,495000.0,264079.0,262533.0,,669075.0,14010129.0,Fantasy,15360079.0,,692512.0,2499362.0,1159039.0,154141.0,923000.0,657474.0,3880278.0,500000.0,,,240512.0,232045.0,187911.0,2534317.0,5580000.0,PG-13,2149679.0,753716.0,,1445679.0,,,1128174.0,2487000.0,2374152.0,648752.0,160000000.0,,1145003.0,123.0,22451000.0,400518.0,1740797.0,598686.0,137000.0,604645.0,8680273.0,6086398.0,3383727.0,1648614.0,497167.0,901078.0,4846142.0,2429000.0,2571467.0,1997345.0,2414685.0,8882000.0,32000.0,Universal,2016-06-10,98000.0,1385331.0,,Fantasy
10,10,10,Monster Hunt,FR,385300000.0,32800.0,0.0,385300000.0,100.0,/movies/?id=monsterhunt.htm,monsterhunt,,329979.0,,,,,,,,,381860000.0,,,,,-,,,,,,,Action Fantasy,,,,1451683.0,,,,,1138689.0,,,,,,,463727.0,,Unrated,,84293.0,,,,,,,,,,,,111.0,53549.0,,473420.0,,,,157839.0,,,,,,,70537.0,,6773.0,,,,FilmRise,2016-01-22,,300251.0,,Action
11,11,11,The Angry Birds Movie,Sony,341800000.0,106400000.0,31.1,235500000.0,68.9,/movies/?id=angrybirds.htm,angrybirds,4631960.0,6833583.0,1946179.0,,1687918.0,366631.0,7093091.0,820326.0,,2146949.0,75872971.0,1931421.0,423225.0,1007026.0,1843581.0,Sony,972762.0,152530.0,336288.0,,3488769.0,5729922.0,Animation,11683288.0,,775383.0,2150066.0,710418.0,117226.0,4125862.0,1201738.0,3186257.0,,,,356353.0,261512.0,498720.0,3295036.0,7016536.0,PG,4056141.0,840038.0,,1819475.0,,,3058141.0,1435371.0,4706743.0,1488324.0,73000000.0,,679408.0,97.0,11951761.0,206610.0,2028071.0,552123.0,272503.0,1361450.0,4508004.0,6064393.0,1935050.0,1926326.0,452356.0,1383684.0,1161588.0,1388091.0,1784078.0,1512945.0,2408950.0,14514655.0,279302.0,Sony / Columbia,2016-05-20,584860.0,2025984.0,,Animation
12,12,13,The Conjuring 2,WB (NL),301100000.0,101100000.0,33.6,200000000.0,66.4,/movies/?id=conjuring2.htm,conjuring2,9073444.0,8096663.0,,,,,16294128.0,65137.0,,1850000.0,,,,632295.0,,WB,,,,,582825.0,7095897.0,2 hrs. 14 min.,3500000.0,,,,,168583.0,9400000.0,,2505548.0,,,,,,199021.0,3900000.0,20425659.0,R,1910748.0,1565211.0,,2030588.0,,,,4200000.0,2406667.0,674823.0,40000000.0,,288400.0,134.0,4350257.0,,,373853.0,66497.0,534402.0,13815631.0,5891177.0,,,,131698.0,3700000.0,1499058.0,670682.0,184381.0,,13361246.0,,"June 10, 2016",,,,,
13,13,14,Alice Through the Looking Glass,BV,276700000.0,76300000.0,27.6,200400000.0,72.4,/movies/?id=alice2.htm,alice2,5267010.0,6387462.0,1175278.0,,1225033.0,,9020213.0,209682.0,,,58780778.0,,,719345.0,489451.0,Disney,,,,,672724.0,9055260.0,Family Adventure,8173985.0,,,2303430.0,,50523.0,,,7067642.0,12160944.0,,,,,96437.0,658262.0,13718470.0,PG,1669069.0,1008211.0,,577693.0,,,,624953.0,1917796.0,502119.0,170000000.0,,373295.0,112.0,9945068.0,,349973.0,272390.0,23438.0,476151.0,,5315543.0,1264899.0,1183333.0,361459.0,638959.0,1851041.0,,825658.0,1127067.0,,13888123.0,,Buena Vista,2016-05-27,769723.0,,,Adventure
14,14,15,Now You See Me 2,LG/S,267200000.0,63500000.0,23.8,203700000.0,76.2,/movies/?id=nowyouseeme2.htm,nowyouseeme2,,7219792.0,,,,21282.0,7108718.0,288554.0,,674763.0,96509607.0,1449408.0,245725.0,450647.0,758603.0,E1,,,211659.0,,719774.0,,Thriller,,,459788.0,4139765.0,882944.0,42547.0,1303096.0,889331.0,3120577.0,,,,227576.0,121363.0,145060.0,2692474.0,,PG-13,1958632.0,928193.0,,360641.0,,,969334.0,2169309.0,753499.0,1131319.0,,,895947.0,129.0,16103345.0,60138.0,2297886.0,358003.0,82300.0,667651.0,12626558.0,834447.0,764950.0,22169.0,,,6046853.0,2774353.0,2178454.0,978251.0,2581780.0,3912308.0,134473.0,Lionsgate/Summit,2016-06-10,222062.0,1757713.0,,Thriller
15,15,16,The Secret Life of Pets,Uni.,254300000.0,203400000.0,80.0,50900000.0,20.0,/movies/?id=illumination2015.htm,illumination2015,,,,,,,,,,,,,,,,UPI,,,,,,,Animation,,,,3173887.0,,,493244.0,1455495.0,,,,,,,,,,PG,,,,2325111.0,,,,,,,75000000.0,,,90.0,,,,,,,,,,,,,3559000.0,,,,,30214014.0,,Universal,2016-07-08,,1758869.0,,Animation
16,16,17,Teenage Mutant Ninja Turtles: Out of the Shadows,Par.,231100000.0,80800000.0,35.0,150300000.0,65.0,/movies/?id=tmnt2016.htm,tmnt2016,2163071.0,4884908.0,,,515639.0,,5477916.0,203880.0,,681173.0,57977937.0,2159550.0,,210256.0,259459.0,PPI,,,,,228359.0,4295395.0,Action / Adventure,,,,676125.0,109994.0,76987.0,976921.0,,1510980.0,,,,,,26182.0,3241524.0,9356905.0,PG-13,562790.0,787474.0,,253776.0,,,2030922.0,,203854.0,255141.0,135000000.0,,238469.0,112.0,9498298.0,,1710131.0,104875.0,33080.0,476436.0,1607665.0,1715936.0,387010.0,58608.0,,,2227907.0,1396290.0,966993.0,760183.0,1290528.0,8691253.0,,Paramount,2016-06-03,7306069.0,,,Adventure
17,17,18,London Has Fallen,Focus,195700000.0,62500000.0,31.9,133199999.99999999,68.1,/movies/?id=londonhasfallen.htm,londonhasfallen,853203.0,4495818.0,847167.0,,1075837.0,,2406346.0,328158.0,,138322.0,52302200.0,265337.0,140818.0,117312.0,507263.0,-,38503.0,,,,255276.0,2290641.0,Action,3486396.0,,818352.0,2183407.0,404302.0,87430.0,,,3137843.0,,,,,859898.0,72668.0,3025750.0,4114367.0,R,2945801.0,602362.0,,300282.0,224610.0,,1114815.0,2124339.0,444713.0,1202645.0,60000000.0,,735031.0,99.0,2323333.0,60029.0,1360646.0,61689.0,73473.0,931777.0,5115427.0,3089855.0,790086.0,,,596918.0,3672026.0,1446720.0,583673.0,,3632279.0,15939904.0,29543.0,Focus Features,2016-03-04,,,,Action
18,18,19,The Legend of Tarzan,WB,194000000.0,103400000.0,53.3,90600000.0,46.7,/movies/?id=tarzan2016.htm,tarzan2016,,6267197.0,,,,,,190755.0,,,,,,196262.0,,Roadshow,,,,,292415.0,2600000.0,1 hrs. 49 min.,,,,,,132819.0,,,1530609.0,,,,,,70711.0,,9256173.0,PG-13,2045920.0,1106847.0,,1367831.0,,,,,497907.0,447725.0,180000000.0,,475758.0,109.0,7813612.0,,,157918.0,32175.0,374683.0,6297340.0,,,,,,,1427674.0,824452.0,574475.0,,4626064.0,,"July 1, 2016",,,,,
19,19,20,The Monkey King 2 in 3D,CL,193700000.0,710000.0,0.4,193000000.0,99.6,/movies/?id=monkeyking2.htm,monkeyking2,,63995.0,,,,,,,,,185402420.0,,,,,CL,,,,,,,Action / Adventure,,,,2143107.0,,,,,,,,,,,,2094979.0,,Unrated,,49142.0,,,,,,,,,,,,118.0,,,1168697.0,,,,,,,,,,401614.0,574985.0,,,,18129.0,,China Lion,2016-02-05,,1051248.0,,Adventure
20,20,21,Central Intelligence,WB (NL),180600000.0,117600000.0,65.1,63100000.0,34.9,/movies/?id=centralintelligence.htm,centralintelligence,,10025273.0,1033475.0,,,42000.0,,158856.0,,,,,55485.0,58677.0,614287.0,UPI,171000.0,,112484.0,,451024.0,,Comedy,5827093.0,,130595.0,,401263.0,149177.0,277000.0,1693747.0,342265.0,,,,21001.0,,74766.0,1337953.0,4494932.0,PG-13,1900160.0,1027835.0,,1162561.0,,,667387.0,517000.0,302733.0,438691.0,50000000.0,,360442.0,107.0,1298000.0,42767.0,1116680.0,39025.0,92197.0,1509208.0,,838000.0,1446135.0,865024.0,,394140.0,,416000.0,130752.0,293725.0,,7626000.0,187000.0,Warner Bros. (New Line),2016-06-17,,378065.0,,Comedy
21,21,22,The Divergent Series: Allegiant,LG/S,179200000.0,66200000.0,36.9,113100000.0,63.1,/movies/?id=allegiant.htm,allegiant,960772.0,4238233.0,538957.0,,2049453.0,105110.0,7183521.0,,,1008629.0,1876115.0,672720.0,102526.0,297830.0,768670.0,Alfa,678184.0,4924.0,44294.0,,368860.0,16260190.0,Action / Adventure,4000093.0,,291585.0,878615.0,434065.0,54744.0,,,3465627.0,,,,,176658.0,128853.0,1576082.0,5091595.0,PG-13,1735534.0,888074.0,,787286.0,56819.0,,968110.0,2055889.0,900517.0,717277.0,,,467562.0,121.0,6433174.0,35536.0,1201139.0,208232.0,37626.0,762461.0,695661.0,5308973.0,1185047.0,,584318.0,567493.0,,1457607.0,945818.0,1116990.0,1452498.0,6209290.0,101121.0,Lionsgate/Summit,2016-03-18,304359.0,,,Adventure
22,22,23,Me Before You,WB (NL),171900000.0,55300000.0,32.2,116600000.0,67.8,/movies/?id=mebeforeyou.htm,mebeforeyou,1640916.0,8766195.0,,,,,16449396.0,91022.0,,,,,,242794.0,,WB,,,,,330464.0,694078.0,Romance,7000000.0,,,,,85944.0,,,,,,,,,139363.0,,10938326.0,PG-13,1720521.0,1571170.0,,4684032.0,,,,,1572000.0,,20000000.0,,193459.0,110.0,2921778.0,,,214071.0,95184.0,376530.0,6676108.0,1798489.0,,,,,,1366004.0,844624.0,105169.0,887508.0,12030747.0,,Warner Bros. (New Line),2016-06-03,,,,Romance
23,23,24,The Huntsman: Winter's War,Uni.,164600000.0,48000000.0,29.2,116600000.0,70.8,/movies/?id=huntsman.htm,huntsman,1006922.0,5140914.0,680962.0,,1191748.0,,6778158.0,327249.0,,391754.0,16280125.0,1275327.0,91926.0,258126.0,394382.0,UIP,469933.0,190082.0,,,336986.0,6642959.0,Action / Adventure,4780433.0,,359886.0,1514736.0,357147.0,32191.0,,,4088762.0,4345439.0,,,,,41403.0,3459241.0,7685545.0,PG-13,1896771.0,651336.0,,411371.0,,,1405029.0,3138235.0,965539.0,632596.0,115000000.0,,477291.0,114.0,3771779.0,75000.0,1796017.0,121081.0,43965.0,783809.0,3095433.0,3642051.0,865526.0,,224896.0,89149.0,2294903.0,2277542.0,1229699.0,621591.0,1610615.0,7665716.0,33469.0,Universal,2016-04-22,368288.0,1032950.0,,Adventure
24,24,25,Ip Man 3,WGUSA,156800000.0,2700000.0,1.7,154200000.0,98.3,/movies/?id=ipman3.htm,ipman3,,702743.0,16766.0,,,,,,,,124101198.0,,,,,-,,,,,,,Action,294487.0,,,7842871.0,,,,,,,,,,,,6566017.0,,PG-13,,209439.0,,,,,,,,,,,,105.0,,,5387597.0,,,,336820.0,,,,,,5891078.0,489686.0,347768.0,,,115363.0,,Well Go USA,2016-01-22,,1973668.0,,Action
25,25,26,Gods of Egypt,LG/S,145200000.0,31200000.0,21.4,114100000.0,78.6,/movies/?id=godsofegypt.htm,godsofegypt,493572.0,1871004.0,181554.0,,657259.0,410020.0,4737278.0,595925.0,,729604.0,35598525.0,1487881.0,166423.0,502018.0,280018.0,Alfa,992747.0,77216.0,60805.0,,37484.0,3443003.0,Action / Adventure,1377351.0,,393877.0,1847480.0,538058.0,39020.0,,,1159814.0,,,,,298338.0,117360.0,2329446.0,4564695.0,PG-13,963291.0,400001.0,,26219.0,,,2176087.0,3068942.0,652294.0,261221.0,140000000.0,,1116282.0,127.0,11358404.0,69710.0,1276147.0,261833.0,50103.0,448543.0,6528233.0,1590708.0,,,52765.0,276777.0,,3030188.0,1674669.0,1104319.0,1527578.0,1287252.0,64595.0,Lionsgate/Summit,2016-02-26,247284.0,,,Adventure
26,26,28,Detective Chinatown (Tang ren jie tan an),CL,125800000.0,474000.0,0.4,125400000.0,99.6,/movies/?id=detectivechinatown.htm,detectivechinatown,,106304.0,,,,,,,,,125112232.0,,,,,CL,,,,,,,Foreign,,,,,,,,,,,,,,,,,,Unrated,,15949.0,,,,,,,,,,,,136.0,,,125773.0,,,,,,,,,,,,,,,8425.0,,China Lion,2016-01-15,,,,Foreign
27,27,29,Ride Along 2,Uni.,124200000.0,90900000.0,73.1,33400000.0,26.9,/movies/?id=ridealong2.htm,ridealong2,,2218932.0,342545.0,818373.0,267395.0,77370.0,,249572.0,,14799.0,,,57905.0,17723.0,,UPI,183787.0,,,,,181537.0,Action Comedy,3772997.0,,,,208156.0,72710.0,,1063867.0,139576.0,,,42164.0,,423232.0,,440034.0,,PG-13,865786.0,217146.0,,393816.0,173402.0,,259696.0,,,209889.0,40000000.0,,821479.0,101.0,646910.0,37230.0,81110.0,36197.0,92668.0,1040371.0,,1140198.0,483063.0,,,518863.0,,40140.0,,132475.0,2868231.0,7998710.0,,Universal,2016-01-15,,246096.0,,Comedy
28,28,30,How to Be Single,WB,112100000.0,46800000.0,41.8,65300000.0,58.2,/movies/?id=howtobesingle.htm,howtobesingle,422968.0,8222883.0,643500.0,37076.0,1086235.0,,603474.0,119720.0,,297974.0,,294133.0,138715.0,211611.0,927505.0,WB,151915.0,,75460.0,,594118.0,2443513.0,Romantic Comedy,6500000.0,,167829.0,655422.0,792895.0,82895.0,,658132.0,2034654.0,,,13360.0,,212407.0,139978.0,,1573141.0,R,2771220.0,865588.0,,1273017.0,2756.0,,218728.0,369268.0,453078.0,318340.0,38000000.0,,511573.0,110.0,2321499.0,49411.0,810641.0,325654.0,82894.0,574215.0,,1722977.0,1405340.0,,70892.0,1766693.0,3500000.0,,114523.0,527213.0,863952.0,8351583.0,39427.0,Warner Bros.,2016-02-12,9143.0,,,Comedy
29,29,31,The 5th Wave,Sony,109900000.0,34900000.0,31.8,75000000.0,68.2,/movies/?id=5thwave.htm,5thwave,2547633.0,5206013.0,361554.0,183454.0,400161.0,447882.0,5750049.0,153181.0,,1867419.0,,1473202.0,25855.0,67582.0,,Sony,1272538.0,216579.0,45752.0,3914.0,127886.0,7220487.0,Sci-Fi Action,3463847.0,3619.0,84531.0,1290178.0,274803.0,36885.0,150806.0,210519.0,669101.0,,77232.0,33910.0,66037.0,235145.0,64811.0,2506794.0,5547450.0,PG-13,1184553.0,878768.0,72320.0,316613.0,136104.0,,2628657.0,2155462.0,86332.0,420870.0,38000000.0,253674.0,334327.0,112.0,3593787.0,,1137483.0,93972.0,,301463.0,856286.0,3221903.0,629712.0,,,,1387587.0,1142655.0,402749.0,485193.0,1515014.0,709949.0,261239.0,Sony / Columbia,2016-01-22,655163.0,357508.0,,Action
30,30,32,10 Cloverfield Lane,Par.,108300000.0,72100000.0,66.6,36200000.0,33.4,/movies/?id=badrobot2016.htm,badrobot2016,420499.0,3053436.0,212833.0,,289785.0,12778.0,1448485.0,,,74594.0,,134944.0,,59495.0,54498.0,UIP,29600.0,,,,,2688871.0,Thriller,1335305.0,,126930.0,422332.0,134423.0,69831.0,,132401.0,157889.0,,,,,46116.0,41245.0,196641.0,1358735.0,PG-13,758514.0,392333.0,,170603.0,9182.0,,,,244239.0,214497.0,,,110433.0,105.0,1310014.0,,276202.0,23291.0,,60128.0,2525730.0,1206010.0,503389.0,,,,857509.0,412517.0,177104.0,116466.0,347223.0,7107143.0,11530.0,Paramount,2016-03-11,53976.0,,,Thriller
31,31,33,Neighbors 2: Sorority Rising,Uni.,106300000.0,55300000.0,52.0,51000000.0,48.0,/movies/?id=universalcomedy2016.htm,universalcomedy2016,580074.0,5650502.0,1327828.0,,322621.0,170195.0,872811.0,82678.0,,173000.0,,,120845.0,101035.0,503541.0,UPI,,,,,380327.0,1042398.0,Comedy,7446348.0,,,952970.0,494740.0,104493.0,,1419997.0,558041.0,,,,,131614.0,60533.0,,3458000.0,R,1937366.0,567089.0,,829418.0,,,,,445436.0,587272.0,,,322185.0,91.0,670211.0,53781.0,,102060.0,115617.0,388105.0,,1418362.0,792190.0,1142344.0,,1124598.0,,346821.0,164740.0,263944.0,,9249000.0,127000.0,Universal,2016-05-20,112000.0,,,Comedy
32,32,34,The Little Prince,EOne,97600000.0,1300000.0,1.4,96200000.0,98.6,/movies/?id=thelittleprince.htm,thelittleprince,1084124.0,,399288.0,,941911.0,106910.0,7243920.0,129591.0,,524766.0,24037389.0,1121845.0,178020.0,442107.0,,Alfa,226848.0,,66525.0,,129506.0,11547541.0,Animation,1850702.0,,641920.0,1755125.0,283519.0,,,,10254077.0,4785971.0,,,135478.0,185554.0,239718.0,,6073185.0,PG,260243.0,,,215262.0,219.0,,426567.0,84765.0,3325436.0,608038.0,,,151168.0,108.0,2953442.0,129649.0,,205090.0,111700.0,392479.0,3559516.0,,,110010.0,402828.0,64994.0,2017047.0,265810.0,1404194.0,383143.0,212157.0,,151342.0,Entertainment One,2016-02-12,683658.0,19244.0,,Animation
33,33,35,Dirty Grandpa,LGF,94100000.0,35600000.0,37.8,58500000.0,62.2,/movies/?id=dirtygrandpa.htm,dirtygrandpa,666988.0,4517429.0,2694197.0,207292.0,792423.0,,279444.0,347079.0,,87955.0,,343328.0,415642.0,,,-,97844.0,,,,,1557448.0,Comedy,11678806.0,,67273.0,1459710.0,1743349.0,84408.0,,,3156243.0,,,,,292938.0,122064.0,,3179746.0,R,1544687.0,504813.0,,,28849.0,,646354.0,95129.0,854374.0,626087.0,,,1415105.0,102.0,4398628.0,191672.0,285547.0,204947.0,306593.0,364796.0,523946.0,,,,80087.0,862445.0,1243856.0,47901.0,122327.0,643465.0,1087323.0,7473100.0,80759.0,Lionsgate,2016-01-22,,,,Comedy
34,34,36,Money Monster,TriS,89500000.0,41000000.0,45.7,48600000.0,54.3,/movies/?id=moneymonster.htm,moneymonster,1214533.0,5298100.0,418934.0,,677668.0,44494.0,1838902.0,79141.0,,176265.0,,361155.0,77406.0,99448.0,240135.0,Sony,134515.0,125206.0,43560.0,,184099.0,6351258.0,Drama / Thriller,3952629.0,,364448.0,1067130.0,165853.0,27266.0,368223.0,911744.0,2430596.0,2954458.0,,,23335.0,252980.0,17512.0,186325.0,1650196.0,R,1230098.0,483014.0,,149117.0,,,294793.0,109298.0,520270.0,528556.0,27000000.0,,213261.0,95.0,1250114.0,30547.0,457175.0,43420.0,20736.0,224580.0,,954038.0,308000.0,1092637.0,387889.0,620717.0,940002.0,149459.0,383940.0,128711.0,1309390.0,3883844.0,119004.0,TriStar,2016-05-13,207102.0,41621.0,,Drama
35,35,37,My Big Fat Greek Wedding 2,Uni.,88900000.0,59700000.0,67.1,29200000.0,32.9,/movies/?id=mybigfatgreekwedding2.htm,mybigfatgreekwedding2,349537.0,11697147.0,179322.0,,256312.0,2057.0,1604654.0,,,,,152194.0,87180.0,43149.0,104481.0,UIP,100874.0,,,,179945.0,137407.0,Comedy,1297963.0,,457115.0,,460834.0,25390.0,,,1901579.0,,,,,236122.0,17668.0,,731869.0,PG-13,180307.0,507587.0,,118659.0,13517.0,,188086.0,,396140.0,128681.0,,,225975.0,94.0,,48627.0,,94698.0,67045.0,653090.0,196901.0,1108149.0,505632.0,,38420.0,,,31585.0,63371.0,,713608.0,5492163.0,,Universal,2016-03-25,71950.0,,,Comedy
36,36,38,The Boss,Uni.,78600000.0,63100000.0,80.2,15600000.0,19.8,/movies/?id=michelledarnell.htm,michelledarnell,,4468588.0,412409.0,,,,,59173.0,,,,,44139.0,,,UPI,,,17305.0,,,,Comedy,1400000.0,,,,532212.0,83693.0,,,108341.0,,,,,97589.0,39061.0,,,R,518673.0,486689.0,,346849.0,4015.0,,,,235785.0,215339.0,29000000.0,,280804.0,99.0,,19942.0,,,38588.0,232378.0,,52028.0,,,,334580.0,,,,285342.0,768164.0,2435799.0,,Universal,2016-04-08,,,,Comedy
37,37,39,The Purge: Election Year,Uni.,78200000.0,71100000.0,90.9,7100000.0,9.1,/movies/?id=purge3.htm,purge3,,,,,,,,,,,,,,91960.0,,UPI,60000.0,,27022.0,,,,Thriller,,,25378.0,,,,,,,,,,,53289.0,39223.0,,,R,579806.0,,,,,,,547346.0,86000.0,,10000000.0,,64001.0,105.0,,,,62764.0,19087.0,,,,89482.0,,,,253933.0,,332521.0,,326209.0,,,Universal,2016-07-01,,,,Thriller
38,38,40,Miracles from Heaven,TriS,73600000.0,61700000.0,83.9,11900000.0,16.1,/movies/?id=miraclesfromheaven.htm,miraclesfromheaven,10514.0,539167.0,,,,,752487.0,16777.0,,,,494995.0,,,7563.0,UIP,368819.0,9632.0,,,,,Drama,103604.0,2063.0,,242891.0,,,,,,168736.0,,2173.0,,42890.0,,,5708535.0,PG,,,57884.0,,,,,259836.0,271604.0,70659.0,13000000.0,,,109.0,,,79412.0,85720.0,,93805.0,100822.0,214174.0,,,,,,,,36658.0,35342.0,67579.0,,TriStar,2016-03-16,,,,Drama
39,39,41,13 Hours: The Secret Soldiers of Benghazi,Par.,69400000.0,52900000.0,76.1,16600000.000000002,23.9,/movies/?id=13hoursthesecretsoldiersofbenghazi.htm,13hoursthesecretsoldiersofbenghazi,78017.0,962948.0,90639.0,,,12031.0,272376.0,,,34493.0,,46744.0,,64131.0,,UIP,57431.0,,,,,681210.0,Drama,515942.0,,,762505.0,,30061.0,,,155260.0,,,,,96404.0,,592862.0,323263.0,R,182041.0,109073.0,,93089.0,27957.0,,30712.0,419697.0,,96022.0,50000000.0,,,144.0,295988.0,,406077.0,32890.0,,39423.0,1002552.0,581860.0,89165.0,,,68898.0,1385274.0,652000.0,,33713.0,483388.0,339443.0,5185.0,Paramount,2016-01-15,53324.0,73293.0,,Drama
40,40,42,Ghostbusters (2016),Sony,65099999.99999999,46000000.0,70.7,19100000.0,29.3,/movies/?id=ghostbusters2016.htm,ghostbusters2016,,3681477.0,,,,,,,,,,,,,,Sony,,,,,,,1 hrs. 48 min.,,,,,,,,,,,,,,,,,,PG-13,321541.0,467304.0,,,,,,,,,144000000.0,,,108.0,,,,,,,,,,,,,,,,,,,,"July 15, 2016",,,,,
41,41,43,The BFG,BV,64500000.0,47400000.0,73.5,17100000.0,26.5,/movies/?id=bfg.htm,bfg,,9346345.0,,,,,,,,,,,,,,Disney,,,,,456143.0,,Adventure,,,,,,73222.0,,,,,,,,,126569.0,,,PG,,1148216.0,,,,,,,900396.0,372971.0,140000000.0,,,117.0,5444369.0,,1311.0,,27598.0,534218.0,,762398.0,,,,,,406026.0,428082.0,,,,,Buena Vista,2016-07-01,,,,Adventure
42,42,44,The Boy (2016),STX,64200000.0,35800000.0,55.8,28400000.0,44.2,/movies/?id=boy2016.htm,boy2016,,213677.0,508181.0,132937.0,475157.0,,1092039.0,,,507367.0,2545897.0,657553.0,,56566.0,,Dreamwest,244391.0,,,,96479.0,2775297.0,Horror,2425937.0,,539156.0,,172979.0,13022.0,,,2242605.0,,,,,152427.0,52566.0,1192969.0,4953162.0,PG-13,386719.0,14109.0,,506725.0,18202.0,,718811.0,844365.0,469234.0,206788.0,10000000.0,,,98.0,1031891.0,,570086.0,80877.0,20748.0,27365.0,377143.0,,,,,,326813.0,657876.0,105159.0,17493.0,410369.0,3405286.0,89812.0,STX Entertainment,2016-01-22,,,,Horror
43,43,45,"Hail, Caesar!",Uni.,63200000.0,30100000.0,47.6,33100000.0,52.4,/movies/?id=hailcaesar.htm,hailcaesar,184325.0,2759974.0,294111.0,,405584.0,,330653.0,67088.0,,,,,20772.0,113105.0,203393.0,UIP,,,11737.0,,233913.0,3591629.0,Comedy,3678373.0,,234840.0,158151.0,133298.0,17236.0,,352071.0,2416449.0,,,,,35612.0,26261.0,38403.0,207000.0,PG-13,787702.0,274635.0,,193712.0,2325.0,,,25700.0,,178000.0,22000000.0,,94877.0,100.0,1036386.0,27744.0,101445.0,37469.0,16877.0,54848.0,232969.0,2265842.0,349625.0,,269960.0,435898.0,,19270.0,,,183601.0,6515787.0,13323.0,Universal,2016-02-05,,,,Comedy
44,44,46,The Shallows,Sony,59200000.0,51400000.0,86.8,7800000.0,13.2,/movies/?id=theshallows.htm,theshallows,,,,,,,,,,,,,,,,Sony,,,,,,,Horror,,,,,,,,,,,,,,,,,996609.0,PG-13,,,,,,,,,,,17000000.0,,35563.0,85.0,2558106.0,,,,,,1571031.0,,,,,,,643860.0,,95962.0,,,,Sony / Columbia,2016-06-24,,,,Horror
45,45,47,Zoolander 2,Par.,56000000.0,28800000.0,51.5,27100000.0,48.5,/movies/?id=zoolander2.htm,zoolander2,1136717.0,5289356.0,220994.0,,65081.0,61786.0,120163.0,41593.0,,117906.0,,186340.0,27913.0,93741.0,33390.0,UIP,217109.0,,11903.0,,196331.0,,Comedy,565610.0,,,294025.0,38662.0,87044.0,,70402.0,2359733.0,,,,,39410.0,22378.0,278202.0,1105757.0,PG-13,103400.0,343016.0,,105583.0,5325.0,,183170.0,2442645.0,,113660.0,,,77963.0,100.0,602241.0,19091.0,282860.0,38407.0,18786.0,178393.0,,914604.0,159459.0,,,87756.0,341010.0,132999.0,54932.0,118434.0,362149.0,5777833.0,72907.0,Paramount,2016-02-12,53626.0,,,Comedy
46,46,48,Barbershop: The Next Cut,WB (NL),55000000.0,54000000.0,98.2,1000000.0,1.8,/movies/?id=barbershop3.htm,barbershop3,,,,,,,,,,,,,,,,SF Film,,,,,3021.0,,Comedy,,,,,,,,,,,,,,,,,,PG-13,238402.0,,,,,,,,,,,,,112.0,,,,,,330500.0,,,,,,,,,,,,135486.0,,Warner Bros. (New Line),2016-04-15,,,,Comedy
47,47,49,Sultan,Yash,53300000.0,5200000.0,9.9,48000000.0,90.1,/movies/?id=sultan.htm,sultan,,920846.0,,,,,,,,,,,,,,Mindblowing,,,,,,,Drama,,,,,,,37700000.0,,,,,,,,,,,Unrated,,406221.0,,91034.0,,,,,,,,,1596.0,143.0,,,,,,,,29512.0,,,,,,,9555.0,,,1358423.0,,Yash Raj,2016-07-06,,,,Drama
48,48,50,The Finest Hours,BV,52100000.0,27600000.0,52.9,24500000.0,47.1,/movies/?id=finesthours.htm,finesthours,353534.0,177086.0,,201275.0,75052.0,111022.0,384305.0,100951.0,,160910.0,,304987.0,,39802.0,,Disney,554575.0,55709.0,,,,300577.0,Thriller,32296.0,,84824.0,1196108.0,,,293008.0,96757.0,,2221112.0,,21827.0,,183460.0,,628349.0,872330.0,PG-13,,205561.0,,,178209.0,,258479.0,161295.0,120806.0,178782.0,,,310453.0,109.0,3195800.0,,318022.0,,,202248.0,,,,,,,1158023.0,359113.0,286855.0,500397.0,1543347.0,356716.0,23557.0,Buena Vista,2016-01-29,,,,Thriller
49,49,51,Eddie the Eagle,Fox,46200000.0,15800000.0,34.2,30400000.0,65.8,/movies/?id=eddietheeagle.htm,eddietheeagle,54106.0,5896692.0,141444.0,60004.0,105266.0,8219.0,102978.0,,3854.0,,970358.0,177563.0,12680.0,80569.0,119324.0,Fox,74980.0,,,,108909.0,555241.0,Drama,1231754.0,,6829.0,288764.0,111144.0,,,,57092.0,,,,,22461.0,39054.0,,337372.0,PG-13,156492.0,938445.0,,121887.0,14458.0,,63232.0,,,37109.0,23000000.0,56402.0,70581.0,105.0,458784.0,9169.0,197085.0,23793.0,27226.0,70784.0,1548478.0,53726.0,115411.0,,24500.0,378971.0,957020.0,,32184.0,27324.0,129593.0,12803022.0,895.0,Fox,2016-02-26,53508.0,,,Drama
50,50,52,Risen,Sony,46100000.0,36900000.0,80.1,9200000.0,19.9,/movies/?id=risen.htm,risen,139345.0,219437.0,,,2379.0,42420.0,818093.0,,,28922.0,,264420.0,,,,Sony,107782.0,,,5659.0,,813074.0,Action / Adventure,187975.0,2749.0,,,,,,,230084.0,175985.0,,5708.0,,183250.0,,,828567.0,PG-13,132628.0,159855.0,33737.0,335667.0,,,213202.0,43051.0,35403.0,76248.0,20000000.0,,80071.0,107.0,,,212641.0,72316.0,,163993.0,1056075.0,878823.0,,,,,,42831.0,,112875.0,,101241.0,22981.0,Sony / Columbia,2016-02-19,36526.0,,,Adventure
51,51,53,The Witch,A24,40400000.0,25100000.0,62.2,15300000.0,37.8,/movies/?id=thewitch.htm,thewitch,884813.0,442275.0,32888.0,,,80609.0,2519823.0,,,31209.0,,243972.0,,178286.0,,UIP,,,17327.0,,,863754.0,Horror,827896.0,,,,,15293.0,,,,,,,,25854.0,,,3410975.0,R,,39015.0,,,5198.0,,209247.0,,,,,,,92.0,,,,96068.0,,,,2102188.0,,,,,,42513.0,,,285250.0,1278874.0,,A24,2016-02-19,55322.0,,,Horror
52,52,54,Mike and Dave Need Wedding Dates,Fox,38500000.0,31500000.0,81.7,7000000.0,18.3,/movies/?id=mikeanddave.htm,mikeanddave,,3713207.0,,,,,,53934.0,,,,,,68584.0,,Fox,,,,,79593.0,,Comedy,,,,,132589.0,56220.0,,211499.0,,,,,,,50968.0,,,R,,127840.0,,,,,,,,,33000000.0,,110177.0,98.0,1323116.0,,,47719.0,32576.0,,,,,,,,,,58975.0,131987.0,,,,Fox,2016-07-08,,,,Comedy
53,53,55,The Forest,Focus,37600000.0,26600000.0,70.7,11000000.0,29.3,/movies/?id=forest.htm,forest,492622.0,,409086.0,,86351.0,,,,,,,,30349.0,176156.0,,-,386735.0,,,,,,Horror,1547469.0,,38170.0,,,,,,,,,,22514.0,6671.0,43729.0,568911.0,1156041.0,PG-13,217084.0,,,,6176.0,,403033.0,183607.0,579728.0,89536.0,10000000.0,,201198.0,95.0,459548.0,,427674.0,88885.0,,43567.0,337280.0,1913605.0,206463.0,,,,,,,17599.0,148256.0,1360774.0,7838.0,Focus Features,2016-01-08,,537702.0,,Horror
54,54,56,The Nice Guys,WB,36100000.0,36100000.0,100.0,,0.0,/movies/?id=niceguys.htm,niceguys,427337.0,4369278.0,,,,,,,,,,,,160440.0,,Diamond,,,,,225229.0,2781017.0,Comedy Thriller,,,,,,67991.0,,,2105444.0,,,,,,38600.0,,848714.0,R,594952.0,703121.0,,287908.0,,,,,991634.0,291294.0,,,291807.0,116.0,2484558.0,,,110537.0,23788.0,129707.0,134291.0,1297850.0,,,51566.0,621797.0,,110988.0,310810.0,147877.0,688146.0,4913256.0,,Warner Bros.,2016-05-20,,,,Comedy
55,55,57,Mother's Day,ORF,32500000.0,32500000.0,100.0,,0.0,/movies/?id=mothersday.htm,mothersday,,4075446.0,,,,,755183.0,,,,,,,124241.0,,Studio Canal,,,,,343493.0,1393955.0,Comedy,,,,,263457.0,80695.0,,,424052.0,,,,,,,,1055525.0,PG-13,1367527.0,439926.0,,241189.0,,,,,627001.0,201579.0,25000000.0,,197864.0,118.0,1162802.0,,,146502.0,33135.0,413987.0,,395405.0,,,84897.0,,,14282.0,177339.0,,610230.0,1289246.0,,Open Road Films,2016-04-29,,,,Comedy
56,56,58,The Brothers Grimsby,Sony,25200000.0,6900000.0,27.3,18300000.0,72.7,/movies/?id=grimsby.htm,grimsby,,2815615.0,349841.0,,67241.0,,,82423.0,,,,,144933.0,116456.0,121358.0,Roadshow,,,83384.0,,400130.0,405762.0,Comedy,1223678.0,,99690.0,,131282.0,98066.0,,516565.0,137603.0,,,,62323.0,,101197.0,,,R,526814.0,344880.0,,310941.0,,,,,243569.0,202823.0,,,221932.0,83.0,2306082.0,68017.0,140335.0,68924.0,68177.0,45549.0,,1087157.0,246394.0,,,388057.0,,,,312128.0,,7564877.0,,Sony / Columbia,2016-03-11,,,,Comedy
57,57,59,Whiskey Tango Foxtrot,Par.,23100000.0,23100000.0,100.0,,0.0,/movies/?id=untitledtinafeycomedy.htm,untitledtinafeycomedy,,1568347.0,,,,,,,,,,,,,,PPI,,,,,,,Comedy,,,,,,,,,36810.0,,,,,,,,,R,,72628.0,,,,,,,,,35000000.0,,,112.0,,,,,,15415.0,,,,,,,,,,,,175508.0,,Paramount,2016-03-04,,,,Comedy
58,58,60,Solace,Rela.,22400000.0,,0.0,22400000.0,100.0,/movies/?id=solace.htm,solace,331934.0,,331978.0,,497366.0,,282436.0,,,42154.0,5374145.0,110539.0,35766.0,,,-,58352.0,,,,,6594509.0,R,1256477.0,,272913.0,,,27855.0,,,1625617.0,,,,,12091.0,,,2905274.0,R,102412.0,,,,20372.0,,453036.0,,,113047.0,,,,101.0,490446.0,,,,,39986.0,,,,,,,,,378916.0,,104375.0,681518.0,121399.0,Thriller,,,,,R
59,59,61,Fifty Shades of Black,ORF,21200000.0,11700000.0,55.2,9500000.0,44.8,/movies/?id=fiftyshadesofblack.htm,fiftyshadesofblack,624758.0,,,,60714.0,,2950153.0,,,,,55511.0,27188.0,329921.0,184937.0,-,,,,,,,Comedy,,,165972.0,,191065.0,6231.0,,,1442610.0,,,,,,57883.0,,531318.0,R,,,,,,,210154.0,,386970.0,307252.0,,,339372.0,92.0,610293.0,92415.0,,236306.0,74780.0,142907.0,,,,,,,,,39120.0,131393.0,,118854.0,,Open Road Films,2016-01-29,,,,Comedy
60,60,62,God's Not Dead 2,PFR,20800000.0,20800000.0,100.0,,0.0,/movies/?id=godsnotdead2.htm,godsnotdead2,22720.0,150211.0,,,,,1491461.0,,,,,33057.0,,,,-,,,,,,,Drama,,,,,,,,,,,,,,1141.0,,,431943.0,PG,,47112.0,,,,,,,162098.0,,,,,121.0,,,,,,,201688.0,,,,,,,,,,,39109.0,,Pure Flix,2016-04-01,13191.0,,,Drama
61,61,63,Keanu,WB (NL),20600000.0,20600000.0,100.0,,0.0,/movies/?id=keanu.htm,keanu,,,,,,,,,,,,,,,,Samfilm,,,,,,,Comedy,,,,,,34410.0,,,,,,,,,,,,R,,,,,,,,,,,15000000.0,,,98.0,,,,,,6952.0,,,,,,,,,,,,,,Warner Bros. (New Line),2016-04-29,,,,Comedy
62,62,65,El Clan,Fox,20400000.0,201000.0,1.0,20200000.0,99.0,/movies/?id=elclan.htm,elclan,17186199.0,,19652.0,,,15731.0,415277.0,855.0,,367427.0,,,,,,Fox,46825.0,,,,,272944.0,Crime Thriller,165895.0,,,,,,,,,,,,,,,,229559.0,R,31904.0,,,,,,157115.0,,,,,,,110.0,12739.0,,,,,,29052.0,630309.0,,,,,,,,,,,476692.0,Fox,2016-03-18,,,,Crime Thriller
63,63,66,Race (2016),Focus,19100000.0,19100000.0,100.0,,0.0,/movies/?id=race2016.htm,race2016,,,,,,,5922.0,,,,,,24111.0,,,Diamond,,,7244.0,,,,Drama,,,,,,,,,2046370.0,,,,,1322.0,,,,PG-13,119169.0,,,,1190.0,,,,,,,,,134.0,13385.0,,27023.0,,4672.0,26779.0,16709.0,618880.0,,,,,,,13468.0,,54748.0,58077.0,,Focus Features,2016-02-19,,,,Drama
64,64,67,The Choice,LGF,18700000.0,18700000.0,100.0,,0.0,/movies/?id=thechoice.htm,thechoice,10012.0,796840.0,194913.0,10336.0,236822.0,8141.0,236723.0,,,29448.0,,,,,,Alfa,26171.0,,,,,,Romance,979371.0,,,54627.0,,4049.0,,,,,,,,36987.0,34823.0,16530.0,360616.0,PG-13,417484.0,,,,2712.0,,47712.0,127604.0,,120870.0,,,,111.0,91689.0,,,,,130388.0,,,,,,,,7418.0,25824.0,26996.0,75006.0,198772.0,20793.0,Lionsgate,2016-02-05,,3447.0,,Romance
65,65,68,Eye in the Sky,BST,18700000.0,18700000.0,100.0,,0.0,/movies/?id=eyeinthesky.htm,eyeinthesky,72576.0,2074059.0,,,,,119785.0,,,61034.0,,,,,,Alfa,,,,,,,Drama / Thriller,,,,,,,,,,,,,,154649.0,20923.0,,992418.0,R,447301.0,502405.0,,,6233.0,,72299.0,,,171779.0,,,,102.0,,,165968.0,,5998.0,98191.0,65705.0,1451609.0,,,,,92372.0,,55707.0,,429783.0,6534831.0,,Bleecker Street,2016-03-11,46138.0,,,Drama
66,66,70,Absolutely Fabulous: The Movie,FoxS,17900000.0,,0.0,17900000.0,100.0,/movies/?id=absolutelyfabulousthemovie.htm,absolutelyfabulousthemovie,,,,,,,,,,,,,,,,Fox,,,,,,,R,,,,,,,,,,,,,,,,,,R,,,,,,,,,,,,,,90.0,,,,,,,,,,,,,,,,,,14138583.0,,Comedy,,,,,R
67,67,71,Regression,W/Dim.,17700000.0,55000.0,0.3,17600000.0,99.7,/movies/?id=regression.htm,regression,,,119072.0,,192187.0,,,,,,,,,,,Constantin,,,,,,875515.0,Thriller,551494.0,,70465.0,,,,,,1370648.0,,,,,,,54213.0,,R,229964.0,,,,,,,51957.0,,71168.0,,,,106.0,237033.0,,42864.0,,,19020.0,121003.0,9722131.0,,,66190.0,86197.0,76176.0,33125.0,100830.0,19194.0,,329167.0,,Weinstein / Dimension,2016-02-05,,75210.0,,Thriller
68,68,72,Neerja,FIP,17500000.0,1600000.0,9.1,15900000.0,90.9,/movies/?id=neerja.htm,neerja,,83796.0,,,,,,,,,,,,,,Mindblowing,,,,,,,Drama,,,,,,,14671113.0,,,,,,,,,,,Unrated,,60386.0,,,105188.0,,,,,,,,,122.0,,,,,,,,,,,,,,,,,958776.0,153334.0,,FIP,2016-02-19,,,,Drama
69,69,73,Norm of the North,LGF,17100000.0,17100000.0,100.0,,0.0,/movies/?id=normofthenorth.htm,normofthenorth,73247.0,,,,,,193669.0,78927.0,,47197.0,,,125685.0,306377.0,,Distribution,106072.0,,,,,,Animation,,,,,136161.0,35225.0,,,1426587.0,,,,,90304.0,121383.0,99079.0,1263254.0,PG,,,,,13056.0,,136319.0,,1189659.0,213513.0,,,206994.0,90.0,765197.0,48938.0,73682.0,224110.0,61399.0,214187.0,,496255.0,,,,,,,610348.0,27506.0,263023.0,468854.0,14666.0,Lionsgate,2016-01-15,,,,Animation
70,70,74,Pride and Prejudice and Zombies,SGem,16399999.999999998,10900000.0,66.6,5500000.0,33.4,/movies/?id=prideprejudicezombies.htm,prideprejudicezombies,104778.0,130802.0,,26967.0,52708.0,,101622.0,17979.0,,,,87924.0,,,,Sony,105908.0,,,,,,Comedy,175789.0,,,346624.0,,,,,487887.0,,,,,20784.0,,474649.0,373430.0,PG-13,,,,,25261.0,,66053.0,132831.0,,60010.0,28000000.0,,43641.0,108.0,532267.0,,157086.0,,,39240.0,64058.0,174632.0,35987.0,,,,,308340.0,52951.0,52973.0,183178.0,1037601.0,7351.0,Sony / Screen Gems,2016-02-05,,34595.0,,Comedy
71,71,75,Kapoor & Sons - Since 1921,FIP,15400000.0,2600000.0,16.9,12800000.0,83.1,/movies/?id=kapoorsons.htm,kapoorsons,,198623.0,2675.0,,,,,,,,,,,,,Mindblowing,,,,,,,Comedy,22430.0,,,,,,12456265.0,,,,,,,,,,,Unrated,,95006.0,,12314.0,104519.0,,,,,,,,,132.0,,,,,,,,,,,,,,,,,1367226.0,546533.0,,FIP,2016-03-18,,,,Comedy
72,72,76,Criminal (2016),LG/S,14700000.0,14700000.0,100.0,,0.0,/movies/?id=criminal2015.htm,criminal2015,168658.0,,,,,,251718.0,,,,15772274.0,,,,,DCS,,,,,,1260288.0,Action,,,52520.0,,77510.0,25694.0,,,1121423.0,,,,,14722.0,28279.0,,,R,,,,,24715.0,,,,,190800.0,,,235914.0,113.0,728718.0,,,,11685.0,123374.0,633427.0,,,,,,261980.0,170054.0,229002.0,,842656.0,352892.0,,Lionsgate/Summit,2016-04-15,,,,Action
73,73,77,"Hello, My Name is Doris",RAtt.,14400000.0,14400000.0,100.0,,0.0,"/movies/?id=hello,mynameisdoris.htm","hello,mynameisdoris",,23376.0,,,,,,,,,,,,,,Sony,,,,,,,Comedy,,,,,,,,,,,,,,,,,,R,,,,,,,,,,,,,,95.0,,,,,,31068.0,,,8328.0,,,,,,,,,,,Roadside Attractions,2016-03-11,,,,Comedy
74,74,78,Hardcore Henry,STX,14300000.0,9300000.0,64.5,5100000.0,35.5,/movies/?id=hardcorehenry.htm,hardcorehenry,38351.0,,32161.0,,,,,,,,,,10983.0,109725.0,20516.0,Diamond,,,,,85067.0,188250.0,Action Thriller,287827.0,,16770.0,,29955.0,22985.0,,,603447.0,,,,,,30571.0,,,R,90959.0,,,122989.0,,,,,169740.0,63044.0,,,,95.0,2738700.0,3798.0,10698.0,52553.0,10513.0,7363.0,339626.0,,,,,,,111982.0,,61795.0,,285187.0,,STX Entertainment,2016-04-08,,,,Action
75,75,79,The Other Side of the Door,Fox,14200000.0,3000000.0,21.2,11200000.0,78.8,/movies/?id=othersideofthedoor.htm,othersideofthedoor,,,,70586.0,,,,,,,,,,,,EIG,251523.0,,,,,1851016.0,Horror,,,,,,,,,136916.0,,,,,41863.0,,365776.0,1047100.0,R,,3550.0,,,7016.0,,133341.0,228877.0,505788.0,,,59260.0,72073.0,96.0,871103.0,,243986.0,,,55343.0,,585159.0,,,,,424083.0,,125662.0,38662.0,195343.0,868073.0,,Fox,2016-03-04,63017.0,,,Horror
76,76,80,Love & Friendship,RAtt.,13500000.0,13500000.0,100.0,,0.0,/movies/?id=lovefriendship.htm,lovefriendship,,,,,,,,,,,,,,,,Sophie,,,,,,717721.0,Comedy,,,,,,,,,,,,,,,,,,PG,403809.0,188671.0,,221689.0,,,,,26175.0,45291.0,,,,92.0,,,,,,,,,,,,,,,,,20398.0,2196318.0,,Roadside Attractions,2016-05-13,,,,Comedy
77,77,81,Triple 9,ORF,12600000.0,12600000.0,100.0,,0.0,/movies/?id=triplenine.htm,triplenine,,631619.0,,,62667.0,,,53454.0,,,,,,,,Roadshow,,,,,,1669404.0,Thriller,,,,,,26436.0,,,1294802.0,,,,,48661.0,13316.0,,,R,471095.0,,,,101178.0,,,14329.0,219088.0,54163.0,,,160214.0,115.0,523156.0,,83197.0,,,73486.0,269714.0,598053.0,161528.0,,,276096.0,78279.0,38103.0,77678.0,,494911.0,2041254.0,,Open Road Films,2016-02-26,,,,Thriller
78,78,82,The Darkness,HTR,10800000.0,10800000.0,100.0,,0.0,/movies/?id=bhtilt2016.htm,bhtilt2016,,,,,,,,,,,,,,,,UPI,,,,,,,Horror,,,,,,,,,,,,,,,,,,PG-13,,,,,,,,,,,,,,92.0,,,,,,,,,,,,,,,,,,144719.0,,High Top Releasing,2016-05-13,,,,Horror
79,79,83,The Perfect Match,LGF,10400000.0,9700000.0,93.0,731000.0,7.0,/movies/?id=theperfectmatch.htm,theperfectmatch,,,,,,,,,,,,,,,,Nu Metro,,,,,,,Romantic Comedy,,,,,,,,,,,,,,,,,,R,,,,,,,,,,,,,,96.0,,,,,,321794.0,,,,,,,,,,,71707.0,,,Lionsgate,2016-03-11,,,,Comedy
80,80,84,Ratchet & Clank,Focus,8800000.0,8800000.0,100.0,,0.0,/movies/?id=ratchetandclank.htm,ratchetandclank,,,,,,,191928.0,26444.0,,,,,,2653.0,,PlayArte,,,,,,1240710.0,Animation,,,,,,43727.0,,,126659.0,,,,,,31058.0,,81172.0,PG,244863.0,,,,,,,,285330.0,84730.0,,,,94.0,245483.0,,,26480.0,8436.0,163657.0,,334963.0,,,,,,,35773.0,34087.0,35247.0,518804.0,,Focus Features,2016-04-29,,,,Animation
81,81,85,Sing Street,Wein.,8400000.0,3200000.0,38.5,5100000.0,61.5,/movies/?id=singstreet.htm,singstreet,,128996.0,,,,,,,,,,,,,,Roadshow,,,,,,,Musical,172771.0,,,,,,,,,,,,,,,,,PG-13,,234188.0,,,,,,,,5002.0,,,,105.0,,,,,,28091.0,3853653.0,,,,,,,151333.0,,,,1647582.0,,Weinstein Company,2016-04-15,,,,Musical
82,82,86,The Lobster (US Release),A24,8300000.000000001,8300000.000000001,100.0,,0.0,/movies/?id=thelobster.htm,thelobster,,409297.0,,,313446.0,,,,,,,,14250.0,7030.0,,Sony,,,,,,983184.0,1 hrs. 58 min.,,,422213.0,,,,,,655254.0,,,,,,,,,R,,,,,,,,,70246.0,33030.0,,,,118.0,,,,,18975.0,,388497.0,347049.0,,,,,,237724.0,114580.0,,,2164725.0,,"May 13, 2016",,,,,
83,83,87,The Infiltrator,BG,6800000.0,6800000.0,100.0,,0.0,/movies/?id=theinfiltrator.htm,theinfiltrator,,,,,,,,,,,,,,,,Myndform,,,,,,,Drama / Thriller,,,,,,18324.0,,,,,,,,,,,,R,,,,,,,,,,,,,,127.0,,,,,,,,,,,,,,,,,,,,Broad Green Pictures,2016-07-13,,,,Drama
84,84,88,The Young Messiah,Focus,6500000.0,6500000.0,100.0,,0.0,/movies/?id=christthelord.htm,christthelord,,,,,,,146939.0,,,,,,4523.0,,,Paris,,,,,,,Historical Drama,,,,,,,,,,,,,,10358.0,,,390268.0,PG-13,,,,,,,,,136673.0,25648.0,,,,111.0,,,37923.0,,,21057.0,,,,,,,66548.0,,,,,,,Focus Features,2016-03-11,,,,Drama
85,85,89,Midnight Special,WB,6200000.0,3700000.0,59.8,2500000.0,40.2,/movies/?id=midnightspecial.htm,midnightspecial,,76011.0,2802.0,,,,,,9003.0,,,,,,,WB,,,,,,1417567.0,Sci-Fi,24721.0,,,,,,,,,,,,,,,31714.0,,PG-13,44696.0,,,,,,,,,,,,,111.0,,,,,,,,,,,,,,,35113.0,,42156.0,1342203.0,,Warner Bros.,2016-03-18,,,,Sci-Fi
86,86,90,Men & Chicken,Drft.,4600000.0,30200.0,0.7,4600000.0,99.3,/movies/?id=menchicken.htm,menchicken,,,,,,,,,,,,,,,4303403.0,Disney,,,,,,42615.0,Comedy,245392.0,,,,,,,,,,,,,,,,,Unrated,113582.0,,,,,,,,,,,,,104.0,,,,,,,8465.0,,,,,7420.0,,,,,,,,Drafthouse,2016-04-22,,,,Comedy
87,87,91,The Meddler,SPC,4200000.0,4200000.0,100.0,,0.0,/movies/?id=themeddler.htm,themeddler,,361989.0,,,,,,,,,,,,,,Sony,,,,,,,Comedy,,,,,,,,,,,,,,,,,,PG-13,,,,232.0,,,,,,,,,,100.0,,,,,,,,353605.0,,,,,,,,,,66517.0,,Sony Classics,2016-04-22,,,,Comedy
88,88,92,A Hologram for the King,RAtt.,4200000.0,4200000.0,100.0,,0.0,/movies/?id=ahologramfortheking.htm,ahologramfortheking,,,,,,,,,,,,,,,,Futurefilm,,,,,102272.0,,Drama,,,,,,2862.0,,,,,,,,,29811.0,,599891.0,R,260361.0,,,20914.0,,,,,,170727.0,,,61043.0,108.0,446151.0,,,,,24684.0,,461957.0,,,,385078.0,,14229.0,131263.0,50103.0,,1028851.0,,Roadside Attractions,2016-04-22,,,,Drama
89,89,93,A Beautiful Planet,Imax,4000000.0,3700000.0,93.3,270000.0,6.7,/movies/?id=abeautifulplanet.htm,abeautifulplanet,,,,,,,,,,,,,,,,IMAX,,,,,,,Documentary,,,,,,,,,,,,,,,,,,G,,,,,,,,,,,,,,45.0,,,,,,,,,,,,,,,,,,4388.0,,IMAX,2016-04-29,,,,Documentary
90,90,94,Where to Invade Next,Drft.,3800000.0,3800000.0,100.0,,0.0,/movies/?id=wheretoinvadenext.htm,wheretoinvadenext,,148003.0,18605.0,,,,,,,,,,,,14909.0,Madman,,,,,13314.0,,Documentary,95242.0,,,,,1874.0,,,,,,,,,,,,R,,34436.0,,39796.0,,,,,,15183.0,,,,119.0,,,,,,,,33478.0,15907.0,,,,,37257.0,1604.0,,,121948.0,,Drafthouse,2016-02-12,,,,Documentary
91,91,95,The Man Who Knew Infinity,IFC,3800000.0,3800000.0,100.0,,0.0,/movies/?id=themanwhoknewinfinity.htm,themanwhoknewinfinity,,986359.0,,,,,,,,,,,,,,Icon,,,,,,,Drama,,,,,,,,,1046414.0,,,,,,,,,PG-13,125781.0,206174.0,,,,,,,,26843.0,,,,109.0,,,,,6869.0,87744.0,,488872.0,,,,156621.0,,36656.0,110730.0,,159917.0,734716.0,,IFC,2016-04-29,,,,Drama
92,92,96,Swiss Army Man,A24,3700000.0,3700000.0,100.0,,0.0,/movies/?id=swissarmyman.htm,swissarmyman,,,,,,,,,,,,,,,,Volga,,,,,,,Comedy,,,,,,,,,,,,,,,,,,R,,,,,,,,,,,,,,95.0,325917.0,,,,,,,,,,,,,,,12552.0,,,,A24,2016-06-24,,,,Comedy
93,93,97,Everybody Wants Some!!,Par.,3400000.0,3400000.0,100.0,,0.0,/movies/?id=smoker.htm,smoker,,35387.0,,,,,,,,,,,,,,Roadshow,,,,,,,Comedy,,,,,,,,,423500.0,,,,,,,,,R,,,,,,,,,,11973.0,,,,117.0,55980.0,,,,,10702.0,29370.0,48556.0,,,,,,,,,,470261.0,,Paramount,2016-03-30,,,,Comedy
94,94,98,Green Room,A24,3200000.0,3200000.0,100.0,,0.0,/movies/?id=greenroom.htm,greenroom,,,,,,,,,,,,,,,,Bac,,,,,,218347.0,1 hrs. 34 min.,,,,,,,,,,,,,,,9466.0,,,R,,,,,,,,,,,,,,94.0,,,,,,,,19622.0,,,,,,,,,66933.0,207595.0,,"April 15, 2016",,,,,
95,95,99,Compadres,PNT,3100000.0,3100000.0,100.0,,0.0,/movies/?id=compadres.htm,compadres,,,,,,,,,,,,,,,,Videocine,,,,,,,Action,,,,,,,,,,,,,,,,,4225771.0,R,,,,,,,,,,,,,,101.0,,,,,,,,,,,,,,,,,,,,Pantelion,2016-04-22,,,,Action
96,96,100,Maggie's Plan,SPC,3100000.0,3100000.0,100.0,,0.0,/movies/?id=maggiesplan.htm,maggiesplan,,178098.0,,,,,,,,,,,,11132.0,,Sony,,,,,,344427.0,1 hrs. 32 min.,,,,,,,,,209085.0,,,,,,,,,R,201182.0,,,,,,,,,23101.0,,,,92.0,,,,8438.0,1248.0,,,,,,,,,,16737.0,,7760.0,133240.0,,"May 20, 2016",,,,,
97,97,101,Our Kind of Traitor,RAtt.,2800000.0,2800000.0,100.0,,0.0,/movies/?id=ourkindoftraitor.htm,ourkindoftraitor,,211428.0,22322.0,,87645.0,,,28504.0,,,,,26611.0,,87118.0,Studio Canal,,,13454.0,,74105.0,737494.0,Drama,288595.0,,,,,,,141695.0,398857.0,,,,11037.0,,7902.0,22994.0,,R,159154.0,,,100168.0,,,,18605.0,,43698.0,,,,108.0,133782.0,15244.0,17834.0,,4709.0,,,,97867.0,95272.0,39227.0,,,,,,203684.0,1566420.0,,Roadside Attractions,2016-07-01,,,,Drama
98,98,102,Miles Ahead,SPC,2600000.0,2600000.0,100.0,,0.0,/movies/?id=milesahead.htm,milesahead,,103361.0,,,18508.0,,,,,,,,,,,Sony,,,,,,,Drama,,,,,,,,,,,,,,,,,,R,,,,,,,,,,6849.0,,,,100.0,,,,,,6073.0,,,,,,,,,,,,242629.0,,Sony Classics,2016-04-01,,,,Drama
99,99,103,The Program (2016),EOne,2400000.0,,0.0,2400000.0,100.0,/movies/?id=theprogram2015.htm,theprogram2015,,166114.0,30546.0,,,,,7687.0,,,,,,10399.0,10166.0,Studio Canal,,,7768.0,,,623110.0,1 hrs. 43 min.,215632.0,,11150.0,,,803.0,3635.0,22986.0,342959.0,,,,6855.0,16717.0,,,,R,46517.0,71423.0,,14377.0,346.0,,,1912.0,41960.0,,,,,103.0,,,13812.0,32834.0,3315.0,11156.0,42247.0,75368.0,,,,,12770.0,,7768.0,,63845.0,578026.0,,"March 18, 2016",,,,,
100,100,104,A Bigger Splash,FoxS,2000000.0,2000000.0,100.0,,0.0,/movies/?id=abiggersplash.htm,abiggersplash,,532515.0,63307.0,,298869.0,,,,,,,,192.0,9472.0,10013.0,Studio Canal,,,22069.0,,45069.0,205661.0,Crime Drama,538681.0,,,16642.0,11977.0,,,,189747.0,,,,29176.0,,5776.0,,,R,478234.0,76196.0,,11764.0,,,,,111566.0,30387.0,,,28897.0,124.0,246496.0,6954.0,15207.0,10864.0,13852.0,19143.0,,156623.0,85324.0,157497.0,,,,,28304.0,19298.0,,1700350.0,,Fox Searchlight,2016-05-04,,,,Drama
101,101,105,Demolition,FoxS,2000000.0,2000000.0,100.0,,0.0,/movies/?id=demolition.htm,demolition,,,,,61207.0,,,,,,,,,,2651.0,-,,,,,,304503.0,1 hrs. 41 min.,,,,63738.0,,,,,,,,,,3310.0,13635.0,,,R,409061.0,,,,,,5029.0,,,59277.0,,,,101.0,211360.0,,11300.0,,,51186.0,182298.0,65820.0,,,,,,,125697.0,,102309.0,386646.0,,"April 8, 2016",,,,,
102,102,106,Busco Novio Para Mi Mujer,LGF,1700000.0,1700000.0,100.0,,0.0,/movies/?id=busconovioparamimujer.htm,busconovioparamimujer,,,,,,,,,,,,,,,,Videocine,,,,,,,Comedy,,,,,,,,,,,,,,,,,2828868.0,PG-13,,,,,,,,,,,,,,92.0,,,,,,,,,,,,,,,,,,,,Lionsgate,2016-02-19,,,,Comedy
103,103,107,A Perfect Day,IFC,1700000.0,5000.0,0.3,1700000.0,99.7,/movies/?id=aperfectday.htm,aperfectday,,65814.0,38350.0,,19047.0,,,14711.0,,,,,4278.0,,,Madman,,,,,,168671.0,Drama,281422.0,,13563.0,,,2332.0,,,930817.0,,,,,,,,,R,,,,24609.0,722.0,,,,,13141.0,,,,106.0,,1067.0,,,2633.0,3985.0,,2364742.0,,,,,,,14295.0,,22207.0,,,IFC,2016-01-15,,,,Drama
104,104,108,Fan,Yash,1700000.0,1700000.0,100.0,,0.0,/movies/?id=fan16.htm,fan16,,375357.0,4928.0,,,,,,,,,,,,,Mindblowing,,,,,,,Comedy / Drama,100355.0,,,,,,,,,,,,,4127.0,,,,Unrated,,108659.0,,46634.0,,,,,,,,,3769.0,138.0,,,,,,,,10517.0,,,,,,,,,,994702.0,,Yash Raj,2016-04-15,,,,Comedy
105,105,109,I Saw the Light,SPC,1600000.0,1600000.0,100.0,,0.0,/movies/?id=isawthelight.htm,isawthelight,,,,,,,,,,,,,,,2418.0,Sony,,,,,,,2 hrs. 3 min.,,,,,,,,,,,,,,,,,,R,,,,,,,,,,,,,,123.0,,,,,,2936.0,,,,,,,,,,,,105146.0,,"March 25, 2016",,,,,
106,106,110,Weiner,IFC,1600000.0,1600000.0,100.0,,0.0,/movies/?id=weiner.htm,weiner,,,,,,,,,,,,,,,,Dogwoof,,,,,,,Documentary,,,,,,,,,,,,,,,,,,R,,,,,,,,,,,,,,96.0,,,,,,,,,,,,,,,,,,21479.0,,IFC,2016-05-20,,,,Documentary
107,107,111,Jane Got a Gun,Wein.,1500000.0,1500000.0,100.0,,0.0,/movies/?id=janegotagun.htm,janegotagun,,,,,15880.0,,,,,,,,,,,Kinepolis,,,,,,1027749.0,Western,79615.0,,,,,,,,,,,,,,,,,R,,,,,4607.0,,,3028.0,,,,,29734.0,98.0,108868.0,,3724.0,,,11052.0,,132358.0,,,,,,29241.0,,12222.0,35859.0,45311.0,,Weinstein Company,2016-01-29,,,,Western
108,108,112,Hunt for the Wilderpeople,Orch.,1500000.0,1500000.0,100.0,,0.0,/movies/?id=huntforwilderpeople.htm,huntforwilderpeople,,8766195.0,,,,,,,,,,,,,,Madman,,,,,,,Adventure Comedy,,,,,,,,,,,,,,,,,,PG-13,,8476738.0,,,,,,,,,,,,101.0,,,,,,,,,,,,,,,,,,,,The Orchard,2016-06-24,,,,Adventure
109,109,113,Embrace of the Serpent,Osci.,1300000.0,1300000.0,100.0,,0.0,/movies/?id=embraceoftheserpent.htm,embraceoftheserpent,126196.0,,27722.0,,,,,5938.0,,,,1211635.0,,,,Alfa,,,,,,,2 hrs. 2 min.,,,54808.0,,,,,,,,,,,,,,50398.0,Unrated,,,,,,,,,,7402.0,,,,122.0,,,,,,,,112100.0,,,,,,,,,,59026.0,6774.0,"February 17, 2016",,,,,
110,110,114,Housefull 3,Eros,1300000.0,1300000.0,100.0,,0.0,/movies/?id=housefull3.htm,housefull3,,273088.0,,,,,,,,,,,,,,Eros,,,,,,,Romantic Comedy,,,,,,,,,,,,,,,,,,Unrated,,211165.0,,20653.0,,,,,,6769.0,,,,140.0,,,,,,,,,,,,,,,,,,105588.0,,Eros,2016-06-03,,,,Comedy
111,111,115,The Neon Demon,BG,1300000.0,1300000.0,100.0,,0.0,/movies/?id=theneondemon.htm,theneondemon,,,,,,,,,,,,,,,,Finnkino,,,,,30043.0,960581.0,Horror Thriller,,,,,,,,,129660.0,,,,,,4953.0,,,R,34917.0,,,23860.0,,,,,,,,,,117.0,,,,,,,,,,,,,,,,,,164547.0,,Broad Green Pictures,2016-06-24,,,,Horror
112,112,116,Genius,RAtt.,1300000.0,1300000.0,100.0,,0.0,/movies/?id=genius.htm,genius,,,,,,,,,,,,,,,,Garsu,,,,,,,1 hrs. 44 min.,,,,,,,,,,,,,,,6664.0,,,PG-13,,,,,,,,,,,,,,104.0,315667.0,,,,,10449.0,,,,,,,,,29168.0,,,,,"June 10, 2016",,,,,
113,113,118,Ma ma,Osci.,1100000.0,47300.0,4.2,1100000.0,95.8,/movies/?id=mama2015.htm,mama2015,,,,,,,,11114.0,,,,,,13363.0,,-,,,,,7121.0,70386.0,1 hrs. 51 min.,,,,,,,,,78801.0,,,,,13380.0,1731.0,,,Not Yet Rated,,,,,,,,,68719.0,,,,2196.0,111.0,28357.0,,,1172.0,,,,934143.0,,,,,4560.0,,6613.0,,,8806.0,,"May 20, 2016",,,,,
114,114,119,Wazir,Relbig.,1100000.0,1100000.0,100.0,,0.0,/movies/?id=wazir.htm,wazir,,76917.0,,,,,,,,,,,,,,Mindblowing,,,,,,,Thriller,,,,,,,4269089.0,,,,,,,,,,,Unrated,,35514.0,,,8793.0,,,,,,,,,102.0,,,,,,,,,,,,,,,,,,119178.0,,Reliance Big Pictures,2016-01-08,,,,Thriller
115,115,120,Dough,Men.,1100000.0,1100000.0,100.0,,0.0,/movies/?id=dough.htm,dough,,,,,,,,,,,,,,,,Margo,,,,,,77975.0,Comedy / Drama,,,,,,,,,,,,,,,,,,Unrated,,121006.0,,,,,,,,,,,,94.0,,,,,,,,,,,,,,,,,,,,Menemsha,2016-02-12,,,,Comedy
116,116,121,Elvis & Nixon,BST,1100000.0,1100000.0,100.0,,0.0,/movies/?id=elvisnixon.htm,elvisnixon,,,,,,,11985.0,,,,,,,,,Sony,,,,,,,Drama,,,,,,,,,,,,,,,,,,R,,,,,,,,,,,,,,86.0,54556.0,,,,,,,,,,,,,,,8418.0,24025.0,77812.0,,Bleecker Street,2016-04-22,,,,Drama
117,117,122,Gentleman,Gaatri,898000.0,898000.0,100.0,,0.0,/movies/?id=gentleman.htm,gentleman,,26008.0,,,,,,,,,,,,,,MKS,,,,,,,Drama / Thriller,,,,,,,,,,,,,,,,,,Unrated,,,,,,,,,,,,,,144.0,,,,,,,,,,,,,,,,,,,,Gaatri Media,2016-06-17,,,,Drama
118,118,123,Ki & Ka,Eros,858000.0,858000.0,100.0,,0.0,/movies/?id=kiandka.htm,kiandka,,74343.0,,,,,,,,,,,,,,Eros,,,,,,,Romantic Comedy,7441.0,,,,,,,,,,,,,,,,,Unrated,,44266.0,,,,,,,,,,,,126.0,,,,,,,,,,,,,,,15569.0,,,166462.0,,Eros,2016-04-01,,,,Comedy
119,119,124,Chongqing Hot Pot,CL,780000.0,780000.0,100.0,,0.0,/movies/?id=chongqinghotpot.htm,chongqinghotpot,,168867.0,,,,,,,,,57098935.0,,,,,CL,,,,,,,Thriller,,,,,,,,,,,,,,,,,,Unrated,,32369.0,,,,,,,,,,,,94.0,,,26438.0,,,,,,,,,,,,,,,,,China Lion,2016-04-01,,,,Thriller
120,120,125,The Wailing (Goksung),WGUSA,751000.0,751000.0,100.0,,0.0,/movies/?id=wailing.htm,wailing,,152249.0,,,,,,,,,,,,,,Dreamwest,,,,,,87700.0,Drama / Thriller,,,,,,,,,,,,,,,,,,Unrated,,14899.0,,,,,,,,,,,,156.0,,,,,,,48609277.0,,,,,,,,,,,,,Well Go USA,2016-05-20,,,,Drama
121,121,126,City of Gold,IFC,612000.0,612000.0,100.0,,0.0,/movies/?id=cityofgold.htm,cityofgold,,,,,,,,,,,,,,,,Madman,,,,,,,Documentary,,,,,,,,,,,,,,,,,,R,,19466.0,,,,,,,,,,,,89.0,,,,,,,,,,,,,,,,,,,,IFC,2016-03-11,,,,Documentary
122,122,127,Knight of Cups,BG,566000.0,566000.0,100.0,,0.0,/movies/?id=knightofcups.htm,knightofcups,,,16434.0,,26169.0,,,,,,,,,,,Constantin,,,,,13534.0,102931.0,Drama,144174.0,,,,,,,,,,,,,,,,,R,64402.0,,,,,,,,,56396.0,,,,118.0,,,,,,2425.0,10043.0,,,,,,4121.0,4754.0,,,,14899.0,,Broad Green Pictures,2016-03-04,,,,Drama
123,123,128,Fitoor,UTV,529000.0,529000.0,100.0,,0.0,/movies/?id=fitoor.htm,fitoor,,,,,,,,,,,,,,,,-,,,,,,,Romance,,,,,,,2719097.0,,,,,,,,,,,Unrated,,14820.0,,,,,,,,,,,,130.0,,,,,,,,,,,,,,,,,,191993.0,,UTV Communications,2016-02-12,,,,Romance
124,124,129,The First Monday in May,Magn.,527000.0,527000.0,100.0,,0.0,/movies/?id=thefirstmondayinmay.htm,thefirstmondayinmay,,282592.0,,,,,,,,,,,,,,Madman,,,,,,,Documentary,,,,,,,,,,,,,,,,,,PG-13,,,,,,,,,,,,,,90.0,,,,,,,,,,,,,,,,,,,,Magnolia,2016-04-15,,,,Documentary
125,125,130,Marguerite,Cohen,497000.0,497000.0,100.0,,0.0,/movies/?id=marguerite.htm,marguerite,,69720.0,49911.0,,189839.0,,124864.0,,,,,,,6032.0,,Sony,,,,,26410.0,6674379.0,Drama,244441.0,,,,,2293.0,,,,,,,,,,,,R,,36171.0,,,,,,,,17370.0,,,928.0,129.0,17608.0,,,,,,40577.0,400227.0,,,207626.0,,,,,,,59836.0,,Cohen Media Group,2016-03-11,,,,Drama
126,126,131,The Boy and the Beast,FUN,491000.0,491000.0,100.0,,0.0,/movies/?id=theboyandthebeast.htm,theboyandthebeast,,66261.0,,,,,,,,,,,,,,Madman,,,,,,308416.0,Animation,,,,47207.0,,,,,,46863971.0,,,,2257.0,,,,PG-13,,12178.0,,,218.0,,,,,,,,,119.0,,,,,,,1396332.0,36875.0,,,,,400801.0,14311.0,,,31900.0,,,FUNimation Films,2016-03-04,,,,Animation
127,127,132,Only Yesterday (2016 re-release),GK,453000.0,453000.0,100.0,,0.0,/movies/?id=onlyyesterday2016.htm,onlyyesterday2016,,33195.0,,,,,,,,,,,,,,Madman,,,,,,,Animation,,,,,,,,,,,,,,,,,,PG,,7695.0,,,,,,,,,,,,118.0,,,,,,,,,,,,,,,,,,5044.0,,GKIDS,2016-01-01,,,,Animation
128,128,133,Baaghi,UTV,438000.0,438000.0,100.0,,0.0,/movies/?id=baaghi.htm,baaghi,,54946.0,,,,,,,,,,,,,,Mindblowing,,,,,,,Action Comedy,,,,,,,,,,,,,,,,,,Unrated,,32260.0,,9058.0,,,,,,,,,,133.0,,,,,,,,,,,,,,,,,,141868.0,,UTV Communications,2016-04-29,,,,Comedy
129,129,134,Captain Fantastic,BST,418000.0,418000.0,100.0,,0.0,/movies/?id=captainfantastic.htm,captainfantastic,,,,,,,,,,,,,,39107.0,,Aerofilms,,,,,,,Drama,,,,,,,,,,,,,,,,,,R,,,,,,,,,,,,,,114.0,,,,,,,,,,,,,,,,,,,,Bleecker Street,2016-07-08,,,,Drama
130,130,135,The Innocents,MBox,409000.0,409000.0,100.0,,0.0,/movies/?id=theinnocents.htm,theinnocents,,,,,203227.0,,,,,,,,,,,Imagine,,,,,,4449794.0,Drama,,,,,,,,,,,,,,,,,,PG-13,31551.0,,,,,,,,177803.0,,,,,115.0,,,,,,,,,,,,,,,,,,,,Music Box Films,2016-07-01,,,,Drama
131,131,136,Tickled,Magn.,394000.0,394000.0,100.0,,0.0,/movies/?id=tickled.htm,tickled,,,,,,,,,,,,,,,,Vendetta,,,,,,,Documentary,,,,,,,,,,,,,,,,,,R,,137761.0,,,,,,,,,,,,92.0,,,,,,,,,,,,,,,,,,,,Magnolia,2016-06-17,,,,Documentary
132,132,137,Cafe Society,LGF,359000.0,359000.0,100.0,,0.0,/movies/?id=cafesociety.htm,cafesociety,,,,,,,,,,,,,,,,Mars,,,,,,7079300.0,1 hrs. 36 min.,,,,,,,,,,,,,,,,,,PG-13,,,,,,,,,,,,,,96.0,,,,,,,,,,,368549.0,,,,,,,,,"July 15, 2016",,,,,
133,133,138,Cold War 2,WGUSA,354000.0,354000.0,100.0,,0.0,/movies/?id=coldwar2.htm,coldwar2,,298469.0,,,,,,,,,85751060.0,,,,,Magnum,,,,,,,Action Thriller,,,,,,,,,,,,,,,,,,Unrated,,47663.0,,,,,,,,,,,,114.0,,,,,,,,,,,,,,,,,,14209.0,,Well Go USA,2016-07-08,,,,Action
134,134,139,Te3n,Rel.,332000.0,332000.0,100.0,,0.0,/movies/?id=te3n.htm,te3n,,,,,,,,,,,,,,,,Mindblowing,,,,,,,Crime Thriller,,,,,,,,,,,,,,,,,,Unrated,,9242.0,,,,,,,,,,,,135.0,,,,,,,,,,,,,,,,,,51208.0,,Reliance Films,2016-06-10,,,,Crime Thriller
135,135,140,High-Rise,Magn.,324000.0,324000.0,100.0,,0.0,/movies/?id=highrise.htm,highrise,,,,,,,,,,,,,,,,Prioro,,,,,,,Action Drama,,,,,,,,,,,,,,,14823.0,,,R,78202.0,,,,1566.0,,,,,,,,,119.0,645580.0,,,,,,160878.0,48370.0,,,,,,5713.0,,43591.0,16339.0,2913572.0,,Magnolia,2016-05-13,,,,Action
136,136,141,Francofonia,MBox,307000.0,307000.0,100.0,,0.0,/movies/?id=francofonia.htm,francofonia,173263.0,,6332.0,,,,,3509.0,,,,,,,,CDI,,,,,,,Documentary,17190.0,,19247.0,,,,,,190423.0,,,,,,,,,Unrated,,,,,,,,,,10735.0,,,,88.0,64762.0,,,,4838.0,,20157.0,68872.0,,,,,,,,,,,,Music Box Films,2016-04-01,,,,Documentary
137,137,142,April and the Extraordinary World,GK,295000.0,295000.0,100.0,,0.0,/movies/?id=aprilandtheextraordinaryworld.htm,aprilandtheextraordinaryworld,,,,,18769.0,,,,,,,,,,,-,,,,,,180872.0,Animation,28.0,,,,,,,,,,,,,,,,,PG,,,,,,,,,,,,,,105.0,,,,,,,,,,,,,,,,,,,,GKIDS,2016-03-25,,,,Animation
138,138,143,My Golden Days,Magn.,269000.0,269000.0,100.0,,0.0,/movies/?id=mygoldendays.htm,mygoldendays,,,,,27796.0,,,,,,,,,,,-,,,,,,1148626.0,Drama,,,,,,,,,,,,,,,,,,R,,,,10484.0,,,,,,9534.0,,,2800.0,123.0,,,,,,,,41389.0,,,,,,,,,,,,Magnolia,2016-03-18,,,,Drama
139,139,145,Dheepan,IFC,240000.0,240000.0,100.0,,0.0,/movies/?id=dheepan.htm,dheepan,,,11062.0,,202689.0,,1813.0,,,,,,1512.0,,,Filmladen,,,,,48448.0,3882022.0,1 hrs. 55 min.,130041.0,,63645.0,34481.0,,3247.0,,,157317.0,,,,,,,,,R,155691.0,,,40873.0,,,,,13435.0,18534.0,,,5909.0,115.0,4867.0,,,,1052.0,,32355.0,150511.0,60475.0,,58631.0,,,,24964.0,,,197182.0,,"May 6, 2016",,,,,
140,140,146,The Invitation,Drft.,232000.0,232000.0,100.0,,0.0,/movies/?id=theinvitation.htm,theinvitation,,,,,,,,,,,,,,,,-,,,,,,,Horror Thriller,,,,,,,,,,,,,,,,,,Unrated,,,,,,,,,,,,,,100.0,,,,,,,,61908.0,,,,,,,,,61190.0,,,Drafthouse,2016-04-08,,,,Horror
141,141,147,Kaptaan,UTV,204000.0,204000.0,100.0,,0.0,/movies/?id=kaptaan.htm,kaptaan,,44021.0,,,,,,,,,,,,,,-,,,,,,,Comedy / Drama,,,,,,,,,,,,,,,,,,Unrated,,19586.0,,,,,,,,,,,,142.0,,,,,,,,,,,,,,,,,,29318.0,,UTV Communications,2016-05-20,,,,Comedy
142,142,148,Viva,Magn.,178000.0,178000.0,100.0,,0.0,/movies/?id=viva.htm,viva,,,,,,,,,,,,,,,,ARP,,,,,,53710.0,Drama,,,,,,,,,,,,,,,,,,R,,,,,,,,,,,,,,100.0,,,,,,,,18698.0,,,,,,,,,,,,Magnolia,2016-04-29,,,,Drama
143,143,149,The Wave,Magn.,177000.0,177000.0,100.0,,0.0,/movies/?id=thewave.htm,thewave,23459.0,,,,,,,,,,,,,,,Impacto,,,,,99190.0,,Action Drama,,,,,,19735.0,,,,,,,,,2568.0,,,R,63227.0,,,10768607.0,21995.0,,,,,,,,,104.0,113054.0,,,,,,87579.0,,,,,,136523.0,62848.0,,15323.0,220583.0,,,Magnolia,2016-03-04,,137006.0,,Action
144,144,150,Louder than Bombs,Orch.,164000.0,164000.0,100.0,,0.0,/movies/?id=louderthanbombs.htm,louderthanbombs,,,4963.0,,,,21185.0,851.0,,,,,,,21379.0,Stadtkino,,,,,17361.0,205037.0,Drama,53892.0,,,7097.0,,2466.0,,,36722.0,,,,,,476.0,,50986.0,R,,,,245295.0,,,,,,13721.0,,,,109.0,50609.0,,,,,,,96714.0,52836.0,,,,,,7792.0,,,34204.0,,The Orchard,2016-04-08,,,,Drama
145,145,152,Rams (Hrtar),Cohen,149000.0,149000.0,100.0,,0.0,/movies/?id=rams.htm,rams,,515585.0,89653.0,,112966.0,,23763.0,,,,,,,,,Palace,,,,,28341.0,,Drama,,,,,,247506.0,,,149561.0,,,,,,,,,R,,,,73798.0,,,,,26776.0,,,,5805.0,93.0,,,,1040.0,,,,150855.0,,,,33940.0,,,6910.0,,,38978.0,,Cohen Media Group,2016-02-03,,,,Drama
146,146,153,Sunset Song,Magn.,145000.0,145000.0,100.0,,0.0,/movies/?id=sunsetsong.htm,sunsetsong,,,,,,,,,,,,,,,,Rezo,,,,,,64465.0,Drama,,,,,,,,,,,,,,,,,,R,,,,,,,,,,,,,,135.0,11847.0,,,,,,,,,,,,,,,,,715769.0,,Magnolia,2016-05-13,,,,Drama
147,147,154,Tumbledown,SM,135000.0,135000.0,100.0,,0.0,/movies/?id=tumbledown.htm,tumbledown,,,,,,,,,,,,,13806.0,,,-,,,,,,,Comedy / Drama,,,,,,,,,,,,,,,,,,R,,,,,,,,,,,,,,105.0,,7739.0,,,2600.0,,44797.0,,,,,,,,28230.0,,,,,Starz Media,2016-02-05,,,,Comedy
148,148,155,Spirits' Homecoming,PM&E,126000.0,126000.0,100.0,,0.0,/movies/?id=spiritshomecoming.htm,spiritshomecoming,,,,,,,,,,,,,,,,Dreamwest,,,,,,,Drama,,,,,,,,,,,,,,,,,,Unrated,,7508.0,,,,,,,,,,,,127.0,,,,,,,23724093.0,,,,,,,,,,,,,Pan Media & Entertainment,2016-03-11,,,,Drama
149,149,156,A War,Magn.,123000.0,123000.0,100.0,,0.0,/movies/?id=awar.htm,awar,20477.0,,,,,,,,,,,,,12698.0,838678.0,Impacto,,,,,,51742.0,Drama,17398.0,,23126.0,,,,,,,,,,,,,,,R,,,,,,,,,,141.0,,,,115.0,,,,,,,,,,,,,,,,,,26256.0,,Magnolia,2016-02-12,,,,Drama
150,150,158,Three,WGUSA,116000.0,116000.0,100.0,,0.0,/movies/?id=three.htm,three,,25060.0,,,,,,,,,14968027.0,,,,,CL,,,,,,,Action Thriller,,,,,,,,,,,,,,,,,,Unrated,,8591.0,,,,,,,,,,,,87.0,,,,,,,,,,,,,,,,,,,,Well Go USA,2016-06-24,,,,Action
151,151,159,The Measure of a Man,KL,111000.0,111000.0,100.0,,0.0,/movies/?id=measureofaman.htm,measureofaman,,,,,,,48770.0,,,,,,,,,Imovision,,,,,,,Drama,,,,,,,,,,,,,,,,,,Unrated,,,,,,,,,,,,,,93.0,,,,,,,,,,,,,,,,,,20487.0,,Kino Lorber,2016-04-15,,,,Drama
152,152,160,Aferim!,BWP,105000.0,105000.0,100.0,,0.0,/movies/?id=aferim.htm,aferim,,,,,,,,,,,,,,,,Parada,,,,,,,Comedy / Drama,,,,,,,,,,,,,,,,,,Unrated,,,,,,,,,,,,,227400.0,106.0,,,,,,,,,,,,,,,,,,,,Big World Pictures,2016-01-22,,,,Comedy
153,153,161,Tale of Tales,IFC,102000.0,102000.0,100.0,,0.0,/movies/?id=taleoftales.htm,taleoftales,,,42939.0,,,,25972.0,,,,,,3378.0,,,Filmladen,,,,,48234.0,631293.0,Fantasy,20186.0,,35046.0,,,,,,3276144.0,,,,,,,,,R,,,,8867.0,,,,,62826.0,8413.0,,,,133.0,446128.0,824.0,,,,,,14125.0,9908.0,,,,,,,,34316.0,440825.0,,IFC,2016-04-22,,,,Fantasy
154,154,162,Our Last Tango,Strand,99000.0,99000.0,100.0,,0.0,/movies/?id=ourlasttango.htm,ourlasttango,,,,,,,,,,,,,,,46898.0,Miracle,,,,,,155903.0,Foreign,161651.0,,,,,,,,,,,,,,,,,Unrated,,,,,,,,,,,,,,85.0,,,,,,,33375.0,,,,,,,,,,,,,Strand,2016-04-15,,,,Foreign
155,155,163,"New York, New York (2016)",CL,92400.0,92400.0,100.0,,0.0,/movies/?id=newyorknewyork16.htm,newyorknewyork16,,,,,,,,,,,1446261.0,,,,,-,,,,,,,Drama,,,,,,,,,,,,,,,,,,Unrated,,5853.0,,,,,,,,,,,,106.0,,,861.0,,,,,,,,,,,,,,,,,China Lion,2016-04-15,,,,Drama
156,156,164,No One's Life Is Easy: So I Married an Anti-Fan,CL,89300.0,89300.0,100.0,,0.0,/movies/?id=noonelifeeasy.htm,noonelifeeasy,,,,,,,,,,,12101384.0,,,,,CL,,,,,,,Comedy,,,,,,,,,,,,,,,,,,Unrated,,3291.0,,,,,,,,,,,,96.0,,,,,,,,,,,,,,,,,,,,China Lion,2016-07-01,,,,Comedy
157,157,165,Mountains May Depart,KL,82200.0,82200.0,100.0,,0.0,/movies/?id=mountainsmaydepart.htm,mountainsmaydepart,51641.0,,,,8674.0,,47185.0,,,,4253776.0,,,,,Mont Blanc,,,,,,,Drama,,,,76173.0,,,,,361515.0,,,,,,,,,Unrated,,,,,,,,,,,,,,131.0,,,,,,,,264869.0,,,,,,,,,,,,Kino Lorber,2016-02-12,,,,Drama
158,158,167,Les cowboys,Cohen,80800.0,80800.0,100.0,,0.0,/movies/?id=lescowboys.htm,lescowboys,,,,,108886.0,,,,,,,,,,,-,,,,,,1064574.0,Drama,,,,,,,,,,,,,,,1045.0,,,R,,,,,,,,,,,,,,104.0,,,,,,,,45358.0,,,,,,,,,,,,Cohen Media Group,2016-06-24,,,,Drama
159,159,168,Sweet Bean,KL,77900.0,77900.0,100.0,,0.0,/movies/?id=sweetbean.htm,sweetbean,,,92842.0,,103174.0,,34844.0,,,,,,,,,Polyfilm,,,,,65661.0,,Drama,,,,167499.0,,,,,343939.0,2562291.0,,,,,6951.0,,,Unrated,,36456.0,,,,,,,,,,,,113.0,,,,,6584.0,,188040.0,817724.0,,,,,,,,,,,,Kino Lorber,2016-03-18,,,,Drama
160,160,169,Saala Khadoos,UTV,76900.0,76900.0,100.0,,0.0,/movies/?id=saalakhadoos.htm,saalakhadoos,,,,,,,,,,,,,,,,Mindblowing,,,,,,,Sports Drama,,,,,,,,,,,,,,,,,,Unrated,,920.0,,,,,,,,,,,,110.0,,,,,,,,,,,,,,,,,,16936.0,,UTV Communications,2016-01-29,,,,Drama
161,161,170,Sweet 20,CJ,71800.0,71800.0,100.0,,0.0,/movies/?id=sweet20.htm,sweet20,,,,,,,,,,,,,,,,CJ Ent.,,,,,,,Comedy,,,,,,,,,,,,,,,,,,Unrated,,,,,,,,,,,,,,127.0,,,,,,,,,,,,,,,,,,,,CJ Entertainment,2016-03-11,,3738654.0,,Comedy
162,162,171,Our Little Sister,SPC,71700.0,71700.0,100.0,,0.0,/movies/?id=ourlittlesister.htm,ourlittlesister,,,16240.0,,,,17446.0,,,,,,,2691.0,,Stadtkino,,,,,,,Drama,128916.0,,,277289.0,,,,,67258.0,12944572.0,,,,,,,32493.0,PG,,104071.0,,,,,,,,,,,,128.0,,,,,7315.0,,653340.0,460062.0,,,,,138068.0,36226.0,,,,68160.0,,Sony Classics,2016-07-08,,,,Drama
163,163,172,The Dark Horse,BG,67500.0,67500.0,100.0,,0.0,/movies/?id=thedarkhorse.htm,thedarkhorse,,90345.0,,,18022.0,,,,,,,,,,,-,,,,,,,2 hrs. 4 min.,,,,,,,,,,,,,,,,,,R,148874.0,1529859.0,,,,,,7481.0,,,,,,124.0,,,,,,,,,,,,,,,,,,,,"April 1, 2016",,,,,
164,164,173,Phantom Detective,CJ,67100.0,67100.0,100.0,,0.0,/movies/?id=phantomdetective.htm,phantomdetective,,,,,,,,,,,,,,,,Dreamwest,,,,,,,Action Comedy,,,,,,,,,,,,,,,,,,Unrated,,4837.0,,,,,,,,,,,,125.0,,,,,,,9682304.0,,,,,,,,,,,,,CJ Entertainment,2016-05-11,,,,Comedy
165,165,174,Ran (2016 re-issue),Rialto,66100.0,66100.0,100.0,,0.0,/movies/?id=ran2016.htm,ran2016,,,,,,,,,,,,,,,,Studio Canal,,,,,,,Drama,,,,,,,,,,,,,,,,,,Unrated,,,,,,,,,,,,,,162.0,,,,,,,,,,,,,,,,,,18692.0,,Rialto,2016-02-26,,,,Drama
166,166,175,Time Renegades,CJ,59400.0,59400.0,100.0,,0.0,/movies/?id=timerenegades.htm,timerenegades,,,,,,,,,,,,,,,,CJ Ent.,,,,,,,Fantasy,,,,,,,,,,,,,,,,,,Unrated,,,,,,,,,,,,,,107.0,,,,,,,8252936.0,,,,,,,,,,,,,CJ Entertainment,2016-04-15,,,,Fantasy
167,167,176,DONGJU: The Portrait of a Poet,CJ,56200.0,56200.0,100.0,,0.0,/movies/?id=dongju.htm,dongju,,,,,,,,,,,,,,,,M-Line,,,,,,,Drama,,,,,,,,,,,,,,,,,,Unrated,,,,,,,,,,,,,,110.0,,,,,,,7553285.0,,,,,,,,,,,,,CJ Entertainment,2016-04-01,,,,Drama
168,168,177,L'attesa,Osci.,55800.0,55800.0,100.0,,0.0,/movies/?id=lattesa.htm,lattesa,,325136.0,,,,,,,,,,,,,,Palace,,,,,,,Drama,,,,,,,,,422041.0,,,,,,4748.0,,,Unrated,,,,,,,,,,16210.0,,,,110.0,,,,,,,42115.0,,,,,,,,7662.0,,,2012.0,,Oscilloscope Pictures,2016-04-29,,,,Drama
169,169,178,Clown,W/Dim.,55000.0,55000.0,100.0,,0.0,/movies/?id=clown2016.htm,clown2016,295554.0,,,,,22647.0,,,,,,118142.0,,,,Distribution,70488.0,,,,,,Horror Thriller,,,,,,,,,1720061.0,,6433.0,,,,,,1726619.0,R,,,,,19092.0,,159807.0,65981.0,,,,,,99.0,,,,,,,,,,,,,,,,,114356.0,,7416.0,Weinstein / Dimension,2016-06-17,,,,Horror
170,170,179,Diary of a Chambermaid,Cohen,54200.0,54200.0,100.0,,0.0,/movies/?id=diaryofachambermaid.htm,diaryofachambermaid,,,,,69133.0,,26758.0,,,,,,,,,Cineart,,,,,,1723277.0,Drama,,,,,,,,,,,,,,,,,50370.0,Unrated,,,,,,,,,5142.0,,,,10984.0,96.0,,,,,,,,,,,29522.0,,,,,,,,,Cohen Media Group,2016-06-10,,,,Drama
171,171,180,High Strung (2016),Pala.,53400.0,53400.0,100.0,,0.0,/movies/?id=highstrung2016.htm,highstrung2016,,,,,,,,,,,,,,,,ACME,,,,,,,Music Drama,,,,,,,,,,,,,,,43632.0,,,PG,,,,,,,,,,,,,,96.0,,,14857.0,,,56369.0,,,,,,,,5681.0,,,22286.0,,,Paladin,2016-04-08,,,,Drama
172,172,181,The Club,MBox,52800.0,52800.0,100.0,,0.0,/movies/?id=theclub.htm,theclub,,,,,12101.0,,23358.0,,,,,,,,,Cineart,,,,,,79860.0,Drama,17304.0,,,,,,,,,,,,,,,,,Unrated,,,,,,,,,,7515.0,,,,98.0,,,,,,,,310173.0,,,,,10558.0,,14619.0,,,13127.0,,Music Box Films,2016-02-05,,,,Drama
173,173,183,Cemetery of Splendor,Strand,52000.0,52000.0,100.0,,0.0,/movies/?id=cemeteryofsplendor.htm,cemeteryofsplendor,,,,,,,12654.0,,,,,,,,,-,,,,,,,Drama,,,,,,,,,,,,,,,,,,Unrated,,,,,,,,,,6020.0,,,,122.0,,,,,,,,6936.0,,,,,,,,,,5440.0,,Strand,2016-03-04,,,,Drama
174,174,185,In the Shadow of Women,Distrib.,50300.0,50300.0,100.0,,0.0,/movies/?id=intheshadowofwomen.htm,intheshadowofwomen,39904.0,,7301.0,,,,,,,,,,,,,CDI,,,,,,,Drama,18805.0,,,,,,,,,,,,,,,,,Unrated,,,,17276.0,,,,,,17661.0,,,,73.0,,,,,,,,,,,,,,,,,,,,Distrib Films,2016-01-15,,,,Drama
175,175,186,Pele: Birth of a Legend,IFC,50000.0,50000.0,100.0,,0.0,/movies/?id=pele.htm,pele,,,,,,,,,,,,,,,,M2,,,,,,,Sports Drama,,,,,,,,,2138372.0,,,,,,,,,PG,,,,,,,,,,,,,,107.0,,,,,,,,,,,,,,,,,63451.0,,,IFC,2016-05-13,,,,Drama
176,176,187,The Treasure,SDS,48500.0,48500.0,100.0,,0.0,/movies/?id=thetreasure16.htm,thetreasure16,,,,,,,3145.0,,,,,,,,,Zeta,,,,,,,Comedy,,,,,,851.0,,,,,,,,,,,,Unrated,,,,,,,,,,,,,,89.0,,,,,,,,,,,,,,,,,,,,Sundance Selects,2016-01-08,,,,Comedy
177,177,191,Mastizaade,Eros,43400.0,43400.0,100.0,,0.0,/movies/?id=mastizaade.htm,mastizaade,,,,,,,,,,,,,,,,Eros,,,,,,,Comedy,,,,,,,,,,,,,,,,,,Unrated,,,,,,,,,,,,,,119.0,,,,,,,,,,,,,,,,,,25180.0,,Eros,2016-01-29,,,,Comedy
178,178,192,Troublemakers: The Story of Land Art,FRun,38600.0,29500.0,76.4,9100.0,23.6,/movies/?id=troublemakers.htm,troublemakers,,,,,,,,,,,,,,,,Dogwoof,,,,,,,Documentary,,,,,,,,,,,,,,,,,,Unrated,,,,,,,,,,,,,,72.0,,,,,,,,,,,,,,,,,,9109.0,,First Run,2016-01-08,,,,Documentary
179,179,193,Songs My Brothers Taught Me,KL,34800.0,34800.0,100.0,,0.0,/movies/?id=songsmybrotherstaughtme.htm,songsmybrotherstaughtme,,,,,,,,,,,,,,,,Diaphana,,,,,,112144.0,Drama,,,,,,,,,,,,,,,,,,Unrated,,,,,,,,,,,,,,98.0,,,,,,,,,,,,,,,,,,,,Kino Lorber,2016-03-02,,,,Drama
180,180,194,Mr. Right,FCW,34700.0,34700.0,100.0,,0.0,/movies/?id=mrright16.htm,mrright16,,,,,,,,,,,,,,5761.0,,Bohemia,,,,,,,Action Comedy,,,,,12800.0,,,,,,,,,4371.0,14930.0,23777.0,,R,,9558.0,,,11150.0,,,,,,,,131114.0,95.0,,,,,12672.0,48883.0,79539.0,,,,,,,17043.0,5090.0,,147965.0,,,Focus World,2016-04-08,,,,Comedy
181,181,195,Eisenstein in Guanajuato,Strand,34300.0,34300.0,100.0,,0.0,/movies/?id=eisensteininguanajuato.htm,eisensteininguanajuato,,,,,,,6520.0,877.0,,,,,,,,-,,,,,7737.0,,Romantic Comedy,,,,,,,,,,,,,5143.0,,3107.0,,12395.0,Unrated,,,,,,,,,,,,,,105.0,,,,,5123.0,,,11415.0,,,,,,,,,,4359.0,,Strand,2016-02-05,,,,Comedy
182,182,196,"Rio, I Love You",Scre.,32000.0,32000.0,100.0,,0.0,/movies/?id=rioiloveyou.htm,rioiloveyou,,,,,,,490612.0,,,,,,,,,WB,,,,,,,Drama,,,,,,,,,,,,,,29509.0,3868.0,,,R,,,,,,,,,45766.0,,,,,112.0,,,,,,,,,,,,,,,,,,,,Screen Media,2016-04-15,,,,Drama
183,183,197,From Afar,Strand,29400.0,29400.0,100.0,,0.0,/movies/?id=fromafar.htm,fromafar,,,,,,,,,,,,,,,,-,,,,,,,Drama,,,,,,,,,62328.0,,,,,,,,,Unknown,,,,,,,,,,,,,,93.0,,,,,,,,48712.0,,,,,,,,,,2715.0,,Strand,2016-06-08,,,,Drama
184,184,198,Valley of Love,Strand,28600.0,28600.0,100.0,,0.0,/movies/?id=valleyoflove.htm,valleyoflove,,,49201.0,,15355.0,,,,,,,,,,,Filmladen,,,,,,994386.0,Drama,88290.0,,,,,998.0,,,,,,,,,,,,Unrated,,,,,,,,,,,,,,91.0,,,,,,,,,,,,,,,,,,,,Strand,2016-03-25,,,,Drama
185,185,199,Blackway,Electric,27100.0,27100.0,100.0,,0.0,/movies/?id=blackway.htm,blackway,,,,,,,,,,,,,,,,-,,,,,,,Thriller,,,,,,,,,,,,,,,,,,Not Yet Rated,,,,,,,,,,,,,,90.0,4675.0,,,,,,,,,,,,,,,,71325.0,,,Electric Entertainment,2016-06-10,,,,Thriller
186,186,202,Standing Tall (La tete haute),Cohen,26100.0,26100.0,100.0,,0.0,/movies/?id=standingtall.htm,standingtall,,,,,,,,,,,,,,,,Wild Bunch,,,,,,3997148.0,Drama,,,,8145.0,,,,,,,,,,3635.0,,,15537.0,R,55973.0,,,,,,,,,4186.0,,,2050.0,120.0,,,,,1727.0,,,52505.0,,,140377.0,,,,,,,,,Cohen Media Group,2016-04-01,,,,Drama
187,187,203,Chevalier,Strand,25400.0,25400.0,100.0,,0.0,/movies/?id=chevalier.htm,chevalier,,,,,,,,,,,,,,,,-,,,,,,,Drama,,,26061.0,,,,,,,,,,,,,,,Unrated,,,,,,,,,,1114.0,,,,99.0,,,,,899.0,,,,,,,,,,,,,,,Strand,2016-05-27,,,,Drama
188,188,204,The New Year's Eve of Old Lee,CL,25400.0,25400.0,100.0,,0.0,/movies/?id=newyearseveofoldlee.htm,newyearseveofoldlee,,,,,,,,,,,8072889.0,,,,,-,,,,,,,Comedy,,,,,,,,,,,,,,,,,,Unrated,,1054.0,,,,,,,,,,,,106.0,,,,,,,,,,,,,,,,,,,,China Lion,2016-02-12,,,,Comedy
189,189,205,A Monster with a Thousand Heads,MBox,24900.0,24900.0,100.0,,0.0,/movies/?id=monsterthousandheads.htm,monsterthousandheads,,,,,,,,,,,,,,,,M3,,,,,,,Drama / Thriller,,,,,,,,,,,,,,,,,,Unrated,,,,,,,,,,,,,,75.0,,,,,,,,,,,,,,,1047.0,,,,966.0,Music Box Films,2016-05-11,,,,Drama
190,190,206,Lolo,FR,24100.0,24100.0,100.0,,0.0,/movies/?id=lolo.htm,lolo,36801.0,,100255.0,,519379.0,,,,,,,,,,,-,,,,,27807.0,5951505.0,Romantic Comedy,,,,,,,,,,,,,,,,,,Unrated,,,,,,,,,40114.0,36504.0,,,2376.0,100.0,,,,,,,,,,,213928.0,,,,5051.0,,,,,FilmRise,2016-03-11,,,,Comedy
191,191,207,Sanam Teri Kasam,Eros,22100.0,22100.0,100.0,,0.0,/movies/?id=sanamterikasam.htm,sanamterikasam,,,,,,,,,,,,,,,,Eros,,,,,,,Romance,,,,,,,,,,,,,,,,,,Unrated,,,,,,,,,,,,,,154.0,,,,,,,,,,,,,,,,,,45615.0,,Eros,2016-02-05,,,,Romance
192,192,208,Term Life,FCW,21300.0,21300.0,100.0,,0.0,/movies/?id=termlife.htm,termlife,,,,,,,,,,,,,,,,DFW,,,,,,,Crime Drama,,,,,,,,,,,,,,,,,,R,52520.0,,,,,,,,,7182.0,,,,93.0,,,,,,,,,,,,,,,,,162835.0,,,Focus World,2016-04-29,,,,Drama
193,193,209,Last Cab to Darwin,FRun,20900.0,20900.0,100.0,,0.0,/movies/?id=lastcabtodarwin.htm,lastcabtodarwin,,5041697.0,,,,,,,,,,,,,,Icon,,,,,,,Comedy / Drama,,,,,,,,,,,,,,,,,,Unrated,,448956.0,,,,,,,,,,,,123.0,,,,,,,,,,,,,,,,,,,,First Run,2016-06-10,,,,Comedy
194,194,210,"Right Now, Wrong Then",Grasshopper,17700.0,17700.0,100.0,,0.0,/movies/?id=rightnowwrongthen.htm,rightnowwrongthen,,,3277.0,,,,,,,,,,,,,Stadtkino,,,,,,,Drama,,,,,,,,,,,,,,,,,,Unrated,,,,,,,,,,10724.0,,,,121.0,,,,,,,549795.0,91780.0,,,,,,,,,,,,Grasshopper Film,2016-06-24,,,,Drama
195,195,211,Colonia,Scre.,15700.0,15700.0,100.0,,0.0,/movies/?id=colonia.htm,colonia,,,151962.0,,,,,,,,,,,91707.0,,Filmladen,,,,,,,Thriller,1965877.0,,,,,,,,185421.0,,,,,15907.0,,,,R,,,,,5460.0,,,,,,,,,110.0,98172.0,,,26666.0,,,,,,,,75610.0,,31424.0,,4398.0,54127.0,,,Screen Media,2016-04-15,,,,Thriller
196,196,214,Adderall Diaries,A24,13200.0,13200.0,100.0,,0.0,/movies/?id=adderalldiaries.htm,adderalldiaries,,,,,,,,,,,,,,,,TMF,,,,,,,Drama / Thriller,,,,,,,,,,,,,,,,,,R,,,,,,,,,,,,,,105.0,,,,,,2173.0,,,,,,,,,,,,,,A24,2016-04-15,,,,Drama
197,197,215,The Ones Below,Magn.,12500.0,12500.0,100.0,,0.0,/movies/?id=theonesbelow.htm,theonesbelow,,,,,,,,,,,,,,,,KNCC,,,,,,,Thriller,,,,,,,,,,,,,,,,,,R,,,,,,,,,,,,,,87.0,,,,,,,,,,,,,,,,,5276.0,29799.0,,Magnolia,2016-05-27,,,,Thriller
198,198,216,Serial Killer 1,KL,10300.0,10300.0,100.0,,0.0,/movies/?id=serialkiller1.htm,serialkiller1,,,,,,,,,,,,,,,,SND,,,,,,2563070.0,Crime Drama,,,,,,,,,,,,,,,,,,Unrated,,,,,,,,,,,,,,120.0,,,,,,,,,,,,,,,,,,,,Kino Lorber,2016-05-13,,,,Drama
199,199,217,Equals,A24,9200.0,9200.0,100.0,,0.0,/movies/?id=equals.htm,equals,,,,,,,,,,,,,,,,-,,,,,,,Drama,,,,,,,,,,,,,,,,,,PG-13,,,,,,,,,,15222.0,,,,101.0,230559.0,,,,,3977.0,,,,,,,,124066.0,14371.0,,,,,A24,2016-07-15,,,,Drama
200,200,218,The Last King,Magn.,8900.0,8900.0,100.0,,0.0,/movies/?id=thelastking.htm,thelastking,,,,,,,,,,,,,,,,Nordisk,,,,,,,Action / Adventure,,,,,,,,,,,,,,,,,,R,,,,3588955.0,,,,,,,,,,99.0,,,,,,,,,,,,,,,,,,,,Magnolia,2016-06-17,,,,Adventure
201,201,219,Mojave,A24,8300.0,8300.0,100.0,,0.0,/movies/?id=mojave.htm,mojave,,,,,,,,,,,,,,,,Signature,,,,,,,Thriller,,,,,,,,,,,,,,,,,,R,,,,,,,,,,,,,,93.0,,,,,,,,,,,,,,,,,,349.0,,A24,2016-01-22,,,,Thriller
202,202,221,The Other Side,FM,5300.0,5300.0,100.0,,0.0,/movies/?id=theotherside.htm,theotherside,,,,,,,,,,,,,,,,Bio Paradis,,,,,,,Documentary,,,,,,94.0,,,,,,,,,,,,Unrated,,,,,,,,,,,,,,92.0,,,,,,,,,,,,,,,,,,,,Film Movement,2016-05-20,,,,Documentary
203,203,222,Search Party,FCW,4600.0,4600.0,100.0,,0.0,/movies/?id=searchparty.htm,searchparty,,,,,,,,,,,,,14231.0,,,-,,,36127.0,,,11264.0,Comedy,,,,,,6224.0,,,,,,,,,18012.0,,,R,,,,,,,,,,26866.0,,,,93.0,,,,,,,,,,,,,,,,,,,,Focus World,2016-05-13,,,,Comedy
204,204,224,Next Time I'll Aim for the Heart,Distrib.,800.0,800.0,100.0,,0.0,/movies/?id=nexttimeillaimfortheheart.htm,nexttimeillaimfortheheart,,,,,71369.0,,10072.0,,,,,,,,,-,,,,,,3335957.0,Crime Drama,,,,,,,,,,,,,,,,,,Unrated,,,,,,,,,,,,,,111.0,,,,,,,,,,,,,,,,,,,,Distrib Films,2016-04-01,,,,Drama
